Date,DE,BE,ES,IT,NL
2026-04-09 00:00:00,104.8975,104.2975,95.1075,132.29,104.79
2026-04-09 01:00:00,101.1025,100.025,90.79,121.8325,100.4525
2026-04-09 02:00:00,101.095,98.205,80.6875,120.6075,99.3
2026-04-09 03:00:00,101.8625,98.31,75.935,118.0025,99.5925
2026-04-09 04:00:00,105.1,98.5625,74.1725,121.3,101.8475
2026-04-09 05:00:00,115.8725,110.13,76.1675,124.92,112.2175
2026-04-09 06:00:00,135.29500000000002,130.235,93.4375,151.29500000000002,132.0975
2026-04-09 07:00:00,146.6,144.73000000000002,129.6975,170.38,145.385
2026-04-09 08:00:00,128.09,132.8825,99.3175,163.55,129.845
2026-04-09 09:00:00,99.675,130.1775,73.9525,131.765,110.4225
2026-04-09 10:00:00,54.9975,51.77,25.695,125.31,54.8325
2026-04-09 11:00:00,1.2075,1.105,0.735,126.125,1.1575
2026-04-09 12:00:00,-1.03,-1.0125000000000002,-0.065,64.7825,-1.02
2026-04-09 13:00:00,-7.865,-7.6625,-0.6275,45.875,-7.76
2026-04-09 14:00:00,-8.1375,-7.92,-0.82,57.98,-8.0
2026-04-09 15:00:00,-1.3025,-1.23,-0.8474999999999999,64.725,-1.2525
2026-04-09 16:00:00,27.08,21.3025,-0.2075,101.305,24.277500000000003
2026-04-09 17:00:00,82.5275,67.8975,-0.0025,117.765,75.0075
2026-04-09 18:00:00,115.355,103.4075,12.0475,144.005,109.7975
2026-04-09 19:00:00,137.1675,122.14,57.9625,168.505,129.835
2026-04-09 20:00:00,127.325,118.99,77.9975,174.69,123.4725
2026-04-09 21:00:00,110.95,101.3875,83.875,158.6175,105.8325
2026-04-09 22:00:00,100.23,91.8875,69.5575,139.70749999999998,96.0475
2026-04-09 23:00:00,81.05250000000001,79.1875,62.2625,127.78,80.4475
2026-04-10 00:00:00,81.88,72.31,47.98,132.6675,76.565
2026-04-10 01:00:00,79.32,69.02,39.4875,120.0825,73.385
2026-04-10 02:00:00,78.83,68.505,39.8,115.245,72.72
2026-04-10 03:00:00,78.5525,67.39500000000001,39.8,117.2475,72.015
2026-04-10 04:00:00,81.1225,68.95,39.8625,111.54,74.02499999999999
2026-04-10 05:00:00,88.7675,75.285,42.4975,119.425,81.7225
2026-04-10 06:00:00,112.1575,100.9375,61.41,148.0475,105.5325
2026-04-10 07:00:00,126.4375,119.755,85.77,169.61,122.4275
2026-04-10 08:00:00,123.16,128.935,86.005,164.54500000000002,125.0925
2026-04-10 09:00:00,119.265,148.17000000000002,62.32,126.85,130.8775
2026-04-10 10:00:00,109.84,150.0,18.2875,115.905,125.615
2026-04-10 11:00:00,102.99,115.685,1.8075,109.335,107.2
2026-04-10 12:00:00,92.09,122.0,0.2875,91.2925,103.655
2026-04-10 13:00:00,88.9375,98.7625,0.0025,82.9525,91.39
2026-04-10 14:00:00,87.4,109.295,0.0025,85.575,95.425
2026-04-10 15:00:00,94.0175,78.515,0.005,102.0,84.55499999999999
2026-04-10 16:00:00,108.78,96.3975,0.2125,116.355,101.2625
2026-04-10 17:00:00,130.1025,115.565,5.9975000000000005,137.4875,120.7175
2026-04-10 18:00:00,155.29,141.0325,36.7725,151.5025,150.4
2026-04-10 19:00:00,227.7675,197.9925,72.12,172.78,225.0025
2026-04-10 20:00:00,245.115,196.5675,104.85,180.5,238.1425
2026-04-10 21:00:00,176.4775,148.8125,104.675,165.27249999999998,170.63
2026-04-10 22:00:00,149.305,125.97,93.255,145.065,142.075
2026-04-10 23:00:00,131.96,118.4375,84.41,134.9025,125.72
2026-04-11 00:00:00,134.015,95.0525,81.9425,130.1,125.925
2026-04-11 01:00:00,120.6325,104.7525,61.5325,130.1,112.0525
2026-04-11 02:00:00,114.3825,93.255,51.4,122.645,104.565
2026-04-11 03:00:00,112.35,87.0575,48.8,123.66,101.0475
2026-04-11 04:00:00,110.8375,87.36500000000001,43.42,124.7375,99.7025
2026-04-11 05:00:00,108.36,84.95750000000001,50.05,125.555,96.8925
2026-04-11 06:00:00,106.605,84.3475,63.39,133.825,96.3775
2026-04-11 07:00:00,93.2375,74.405,63.9,150.96,84.41499999999999
2026-04-11 08:00:00,69.61,57.8375,58.5775,140.66,64.0525
2026-04-11 09:00:00,21.57,19.8975,32.035000000000004,138.4475,20.765
2026-04-11 10:00:00,-0.1574999999999997,-0.0524999999999999,8.655000000000001,120.8,-0.1099999999999998
2026-04-11 11:00:00,-8.307500000000001,-2.625,0.8574999999999999,120.14,-4.8425
2026-04-11 12:00:00,-40.2525,-2.0,0.0,84.7725,-21.73
2026-04-11 13:00:00,-79.965,-13.1875,-0.1625,37.5,-28.965
2026-04-11 14:00:00,-77.635,-6.8,-0.7575000000000001,37.445,-24.3525
2026-04-11 15:00:00,-45.8275,-5.3375,-1.4375,73.215,-5.745
2026-04-11 16:00:00,-15.7975,-3.7625,-1.2525,97.045,5.7675
2026-04-11 17:00:00,-0.7149999999999999,6.890000000000001,-0.2025,125.6325,19.3
2026-04-11 18:00:00,43.697500000000005,47.52,2.0875,141.4025,69.9975
2026-04-11 19:00:00,73.8175,69.66,13.3475,159.68,90.9075
2026-04-11 20:00:00,74.7875,76.945,26.785,166.57999999999998,107.2325
2026-04-11 21:00:00,65.2325,72.0125,34.6425,147.5325,102.9675
2026-04-11 22:00:00,68.6275,76.38,31.815,140.8175,119.9
2026-04-11 23:00:00,68.625,65.6125,24.3925,132.0075,82.38499999999999
2026-04-12 00:00:00,72.52250000000001,61.2225,15.1575,147.5125,67.7175
2026-04-12 01:00:00,76.57249999999999,61.88,11.045,150.0,69.6925
2026-04-12 02:00:00,80.4225,64.835,9.4375,135.0,73.19500000000001
2026-04-12 03:00:00,85.26,68.165,10.9375,119.42,76.8825
2026-04-12 04:00:00,95.1025,75.2625,10.525,119.42,85.6825
2026-04-12 05:00:00,98.05,77.7175,10.8175,117.48,88.47749999999999
2026-04-12 06:00:00,98.7,78.1275,11.8075,111.3525,88.35499999999999
2026-04-12 07:00:00,94.3175,74.2775,10.5175,103.845,84.17
2026-04-12 08:00:00,76.10249999999999,44.79,12.2275,98.6675,68.38250000000001
2026-04-12 09:00:00,53.3225,30.09,10.8425,81.005,46.1875
2026-04-12 10:00:00,30.2325,15.935,2.5125,68.37,15.96
2026-04-12 11:00:00,22.415,8.94,0.2625,80.0,-2.0725
2026-04-12 12:00:00,14.975,10.52,0.0,69.7975,-2.0225
2026-04-12 13:00:00,1.97,0.4325,0.0,47.650000000000006,-1.13
2026-04-12 14:00:00,4.625,4.994999999999999,-0.005,55.31,4.575
2026-04-12 15:00:00,15.905,15.935,-0.4275,42.6025,15.919999999999998
2026-04-12 16:00:00,67.55,44.09,-0.81,58.337500000000006,61.605
2026-04-12 17:00:00,110.1775,76.16,-0.7175,95.48,102.6675
2026-04-12 18:00:00,135.3875,125.2825,-0.015,126.9,132.3675
2026-04-12 19:00:00,144.765,141.6325,8.885,140.64,144.0175
2026-04-12 20:00:00,146.8025,142.675,35.932500000000005,143.4475,145.7575
2026-04-12 21:00:00,136.73250000000002,136.73250000000002,71.91499999999999,136.73250000000002,136.73250000000002
2026-04-12 22:00:00,130.6075,130.605,54.0225,130.6075,130.6075
2026-04-12 23:00:00,121.0175,121.0,35.015,121.03,121.0075
2026-04-13 00:00:00,116.5425,114.9975,30.1775,117.2975,115.7725
2026-04-13 01:00:00,109.795,109.795,18.8975,109.795,109.795
2026-04-13 02:00:00,107.315,105.07,14.5,108.33,106.2125
2026-04-13 03:00:00,107.59,103.9525,10.3875,109.245,106.2125
2026-04-13 04:00:00,110.02,107.5575,7.795,109.41,109.0475
2026-04-13 05:00:00,119.0725,114.74,13.0875,119.8575,117.0025
2026-04-13 06:00:00,136.115,133.77,20.8875,135.8875,134.925
2026-04-13 07:00:00,145.12,141.3375,52.675,140.1125,144.3375
2026-04-13 08:00:00,173.88,173.79250000000002,26.1225,164.37,173.365
2026-04-13 09:00:00,160.965,166.675,4.82,180.0,163.555
2026-04-13 10:00:00,138.63,144.48250000000002,0.21,174.3025,141.9075
2026-04-13 11:00:00,116.0,125.755,-0.0075,169.82999999999998,121.915
2026-04-13 12:00:00,104.735,117.32,-0.0275,164.67000000000002,111.8275
2026-04-13 13:00:00,97.3925,113.8975,-0.02,155.8375,106.4225
2026-04-13 14:00:00,101.695,114.9975,-0.04,165.0575,114.26
2026-04-13 15:00:00,104.6375,110.8375,-0.015,155.0,116.9425
2026-04-13 16:00:00,114.5975,105.585,-0.01,152.84750000000005,113.67
2026-04-13 17:00:00,130.3775,119.42,0.0025,145.66,125.4725
2026-04-13 18:00:00,148.2,141.095,4.6125,164.51,144.625
2026-04-13 19:00:00,164.5225,168.3275,26.9575,169.6775,164.9475
2026-04-13 20:00:00,156.61,151.195,82.235,166.07,153.765
2026-04-13 21:00:00,139.0475,144.8975,99.95,151.745,143.2825
2026-04-13 22:00:00,129.76,129.925,89.775,141.79500000000002,130.6975
2026-04-13 23:00:00,122.6275,122.82,68.3375,133.3525,122.73
2026-04-14 00:00:00,116.0625,116.865,65.47749999999999,130.1,116.495
2026-04-14 01:00:00,113.665,114.645,62.0875,128.89,114.23
2026-04-14 02:00:00,114.99,115.945,63.525000000000006,128.5925,115.505
2026-04-14 03:00:00,113.385,113.6425,59.1075,128.55,113.555
2026-04-14 04:00:00,114.68,114.5175,57.25,129.62,114.65
2026-04-14 05:00:00,118.1475,117.8575,60.765,130.855,118.045
2026-04-14 06:00:00,138.72,137.995,73.30000000000001,149.6375,138.29
2026-04-14 07:00:00,163.0225,162.2775,94.41,168.7775,162.6525
2026-04-14 08:00:00,164.495,165.185,81.39,183.1425,165.2825
2026-04-14 09:00:00,144.32999999999998,139.0875,25.65,173.88750000000002,141.615
2026-04-14 10:00:00,128.82999999999998,117.005,0.6649999999999999,168.18,123.34
2026-04-14 11:00:00,117.3325,92.795,-0.1325,150.36,106.7875
2026-04-14 12:00:00,109.5075,88.17,-0.6,129.25,100.48
2026-04-14 13:00:00,104.7,81.61,-0.6,128.3075,93.995
2026-04-14 14:00:00,108.91,71.1425,-0.2825,129.11,91.66
2026-04-14 15:00:00,115.5675,89.4675,-0.5,146.3,102.4125
2026-04-14 16:00:00,121.695,90.95,-0.2575,150.36,108.08
2026-04-14 17:00:00,137.4375,114.49,0.0,150.0,126.545
2026-04-14 18:00:00,160.015,145.7175,3.795,171.1275,152.76999999999998
2026-04-14 19:00:00,224.7525,181.1925,54.52,183.1,212.65
2026-04-14 20:00:00,234.2775,190.07,97.115,189.8575,224.3325
2026-04-14 21:00:00,165.9475,154.55,114.805,170.665,159.9875
2026-04-14 22:00:00,148.2575,139.5925,98.8675,151.9725,143.75
2026-04-14 23:00:00,135.37,128.1175,92.875,145.5075,131.7725
2026-04-15 00:00:00,121.6,117.045,103.74,126.0975,119.48
2026-04-15 01:00:00,116.4575,110.15,91.575,126.0525,113.31
2026-04-15 02:00:00,111.7675,104.7925,84.14250000000001,127.16,108.5125
2026-04-15 03:00:00,110.0175,101.005,74.485,129.89,105.8225
2026-04-15 04:00:00,110.8425,101.7325,74.5,127.16,106.6225
2026-04-15 05:00:00,123.18,111.6525,77.4125,130.7575,117.62
2026-04-15 06:00:00,148.44,133.71,92.695,153.005,140.83
2026-04-15 07:00:00,159.5525,143.60500000000002,117.59,160.75,154.91
2026-04-15 08:00:00,140.1,138.195,100.02,172.9675,139.1
2026-04-15 09:00:00,116.32,115.6975,47.8375,163.9225,115.9975
2026-04-15 10:00:00,100.8025,88.0,1.73,142.9875,94.7625
2026-04-15 11:00:00,78.94,62.295,-0.0025,134.0675,68.9375
2026-04-15 12:00:00,58.3175,49.185,-0.0975,123.665,50.0
2026-04-15 13:00:00,50.2325,39.785,-0.36,119.245,42.3975
2026-04-15 14:00:00,67.25750000000001,47.4225,-0.5,121.035,56.9525
2026-04-15 15:00:00,81.4925,60.025,-0.81,128.2625,70.5575
2026-04-15 16:00:00,99.255,73.35249999999999,-0.5425,129.39499999999998,87.67750000000001
2026-04-15 17:00:00,124.84,95.8175,-0.005,141.2825,111.1075
2026-04-15 18:00:00,141.9,117.4925,5.1075,150.0,129.65
2026-04-15 19:00:00,180.07999999999998,139.70749999999998,76.1525,165.27,165.7775
2026-04-15 20:00:00,180.8,149.98250000000002,128.6975,171.70499999999998,172.7
2026-04-15 21:00:00,148.07999999999998,142.785,134.6,155.1875,144.665
2026-04-15 22:00:00,132.685,129.8425,121.15,134.82999999999998,130.715
2026-04-15 23:00:00,117.77,115.4475,108.575,130.1,116.6275
2026-04-16 00:00:00,106.215,103.5225,94.665,126.31,104.945
2026-04-16 01:00:00,101.3975,98.6525,89.655,120.765,100.1025
2026-04-16 02:00:00,99.595,95.26,89.23249999999999,118.1325,97.565
2026-04-16 03:00:00,98.365,94.6325,89.2675,115.0125,96.64
2026-04-16 04:00:00,100.9025,97.59,90.21,117.3375,99.37
2026-04-16 05:00:00,110.605,103.6275,92.4475,120.8425,107.385
2026-04-16 06:00:00,139.475,129.96,103.5025,143.8075,134.9
2026-04-16 07:00:00,145.02249999999998,138.7025,121.1575,154.45499999999998,141.825
2026-04-16 08:00:00,133.635,131.2875,124.7025,159.9575,132.415
2026-04-16 09:00:00,110.195,108.95,98.7275,150.36,109.61
2026-04-16 10:00:00,96.3525,86.00999999999999,33.3175,133.5125,91.18
2026-04-16 11:00:00,75.6725,57.95,0.5225,120.66,66.31
2026-04-16 12:00:00,60.5125,47.2,0.0,107.2675,53.7125
2026-04-16 13:00:00,45.7675,33.6075,0.0,106.6925,40.0025
2026-04-16 14:00:00,53.9725,39.685,0.0,110.165,46.4125
2026-04-16 15:00:00,70.87,51.81,0.0,110.4425,61.8125
2026-04-16 16:00:00,89.7575,65.465,-0.005,114.92,79.0
2026-04-16 17:00:00,111.555,105.315,1.15,117.9675,106.04
2026-04-16 18:00:00,131.145,117.015,40.790000000000006,137.35000000000002,124.0
2026-04-16 19:00:00,166.9275,139.1575,95.6075,153.8875,159.74
2026-04-16 20:00:00,187.3175,157.9675,121.81,165.69,180.6625
2026-04-16 21:00:00,155.01,141.6625,134.655,153.82,151.6975
2026-04-16 22:00:00,138.76,134.34,128.4575,137.9,137.26
2026-04-16 23:00:00,127.3625,123.96,114.1,127.245,125.665
2026-04-17 00:00:00,121.7725,121.3,119.9175,121.9925,121.55
2026-04-17 01:00:00,115.5225,115.3625,114.8925,115.595,115.4475
2026-04-17 02:00:00,112.5325,112.5325,112.5325,112.89,112.5325
2026-04-17 03:00:00,108.5125,107.8925,106.0275,108.8,108.225
2026-04-17 04:00:00,111.4675,109.7625,104.58,112.2425,110.6725
2026-04-17 05:00:00,120.1925,117.4675,109.33,119.71,118.935
2026-04-17 06:00:00,146.5675,131.7825,111.1775,138.76,143.635
2026-04-17 07:00:00,148.555,134.5275,116.435,143.905,145.9825
2026-04-17 08:00:00,127.1575,120.74,112.46,135.0,125.9125
2026-04-17 09:00:00,101.9025,106.695,81.22749999999999,127.0,104.0475
2026-04-17 10:00:00,90.7825,95.355,21.645,117.915,95.48
2026-04-17 11:00:00,57.88,79.8975,0.905,87.5525,70.755
2026-04-17 12:00:00,30.87,64.7125,0.0025,44.3675,45.5925
2026-04-17 13:00:00,26.445,59.5875,0.0,41.075,38.905
2026-04-17 14:00:00,31.3725,70.47749999999999,0.0,53.525,46.96
2026-04-17 15:00:00,59.9975,75.52,0.0,69.8925,65.10499999999999
2026-04-17 16:00:00,81.82,88.9975,0.0,91.2,81.4925
2026-04-17 17:00:00,102.31,115.1425,1.005,111.4625,103.52
2026-04-17 18:00:00,126.755,116.955,44.9875,132.1425,120.26
2026-04-17 19:00:00,157.405,130.7725,87.42,152.1925,150.51
2026-04-17 20:00:00,157.1125,138.5125,115.8075,152.0,153.2775
2026-04-17 21:00:00,138.0075,132.255,123.005,134.965,136.835
2026-04-17 22:00:00,123.93,121.3775,114.2575,125.9275,122.595
2026-04-17 23:00:00,112.71,110.21,103.265,116.2975,111.465
2026-04-18 00:00:00,116.245,111.3075,96.6325,118.76,113.775
2026-04-18 01:00:00,110.8775,105.8075,90.955,113.1875,108.32
2026-04-18 02:00:00,109.6625,102.985,83.2825,113.2825,106.2925
2026-04-18 03:00:00,107.695,99.9575,77.2425,114.3825,103.7675
2026-04-18 04:00:00,108.8725,100.245,75.03999999999999,112.755,104.5
2026-04-18 05:00:00,110.905,102.235,76.7025,114.8625,106.535
2026-04-18 06:00:00,110.83,103.61,83.2925,117.59,107.08
2026-04-18 07:00:00,105.7425,103.1575,84.9775,120.3775,103.985
2026-04-18 08:00:00,92.2875,119.675,63.0275,118.0675,101.6625
2026-04-18 09:00:00,75.1275,103.0125,20.4775,119.625,86.93
2026-04-18 10:00:00,39.5675,80.8625,1.78,67.63499999999999,63.07
2026-04-18 11:00:00,3.94,64.3875,-0.7025,36.3325,40.9675
2026-04-18 12:00:00,-3.3825000000000003,45.05,-1.035,23.895,32.1
2026-04-18 13:00:00,-4.08,45.565,-2.0525,22.0,34.04
2026-04-18 14:00:00,-0.1,48.5825,-2.0775,21.25,34.7575
2026-04-18 15:00:00,18.8975,53.395,-1.3275,17.295,33.572500000000005
2026-04-18 16:00:00,44.8875,104.64,-0.9075,12.25,66.3
2026-04-18 17:00:00,90.805,102.82,-0.105,75.5875,92.2025
2026-04-18 18:00:00,119.595,123.0,3.625,122.18,117.5925
2026-04-18 19:00:00,131.54,139.0,41.9675,142.5725,131.1575
2026-04-18 20:00:00,144.89,149.2425,79.515,145.275,144.1775
2026-04-18 21:00:00,140.29500000000002,139.575,83.875,142.71,137.735
2026-04-18 22:00:00,129.9925,120.9725,81.6625,133.6225,124.6775
2026-04-18 23:00:00,125.0,119.695,81.6375,128.1325,121.465
2026-04-19 00:00:00,116.56,118.57,69.9,118.16,115.4925
2026-04-19 01:00:00,109.95,101.8,60.464999999999996,113.33,105.2225
2026-04-19 02:00:00,109.205,114.3975,54.1475,110.445,109.1975
2026-04-19 03:00:00,106.32249999999999,105.22749999999999,48.95,109.655,103.2475
2026-04-19 04:00:00,105.415,107.25,45.655,108.1075,103.4625
2026-04-19 05:00:00,106.55000000000001,90.14,58.18,113.33,97.95
2026-04-19 06:00:00,104.7825,99.8875,65.83,115.60249999999999,100.7075
2026-04-19 07:00:00,100.0325,100.6775,70.7575,123.0025,97.9325
2026-04-19 08:00:00,96.63,104.9425,37.575,118.59,97.2525
2026-04-19 09:00:00,93.8425,83.97,2.38,114.4025,87.66
2026-04-19 10:00:00,71.385,51.91,-0.5825,110.23,61.317499999999995
2026-04-19 11:00:00,31.985,25.495,-1.98,36.0675,28.314999999999998
2026-04-19 12:00:00,5.735,10.354999999999999,-2.1,38.0,8.055
2026-04-19 13:00:00,-0.8475,-0.8475,-2.1,21.884999999999998,-0.8475
2026-04-19 14:00:00,-3.005,-3.005,-3.005,26.89,-3.005
2026-04-19 15:00:00,-2.255,-2.255,-3.0025,33.88,-2.255
2026-04-19 16:00:00,16.02,10.832500000000001,-4.2775,115.28999999999999,13.48
2026-04-19 17:00:00,73.7575,57.0075,-1.2825,130.0,65.33
2026-04-19 18:00:00,103.85499999999999,112.915,0.5025,133.25,103.85499999999999
2026-04-19 19:00:00,117.35249999999999,124.0475,35.489999999999995,146.425,116.8075
2026-04-19 20:00:00,124.1125,130.0025,77.875,144.49,124.6425
2026-04-19 21:00:00,121.5475,129.7025,87.6325,129.975,122.14
2026-04-19 22:00:00,119.3625,124.4275,86.7175,120.89750000000001,119.0625
2026-04-19 23:00:00,111.2325,116.94,85.535,112.1175,111.3
2026-04-20 00:00:00,106.3075,131.9225,81.025,107.29249999999999,112.4325
2026-04-20 01:00:00,101.1125,117.69749999999999,75.9025,107.22500000000001,104.105
2026-04-20 02:00:00,99.0125,122.0525,74.715,105.66,104.405
2026-04-20 03:00:00,99.03999999999999,117.73,72.78,108.7775,102.235
2026-04-20 04:00:00,102.3025,114.9975,74.1275,105.61,103.5175
2026-04-20 05:00:00,111.6,115.3275,76.6275,120.66,108.45
2026-04-20 06:00:00,129.385,127.3675,79.475,136.79500000000002,124.0
2026-04-20 07:00:00,142.2075,186.5,91.8,140.0,156.27499999999998
2026-04-20 08:00:00,134.32,182.7275,81.0325,140.9325,148.685
2026-04-20 09:00:00,110.015,147.04,50.6075,148.3375,119.4825
2026-04-20 10:00:00,90.1975,116.3575,4.415,135.855,97.1275
2026-04-20 11:00:00,75.88749999999999,96.955,0.1375,123.8,80.64
2026-04-20 12:00:00,51.182500000000005,56.6975,0.15,90.6825,51.182500000000005
2026-04-20 13:00:00,32.595,49.6875,0.0025,85.04499999999999,37.8325
2026-04-20 14:00:00,29.57,51.432500000000005,0.0,107.97999999999999,36.8575
2026-04-20 15:00:00,46.475,96.795,0.0,80.2325,63.8725
2026-04-20 16:00:00,78.325,77.0025,0.0025,88.30499999999999,75.035
2026-04-20 17:00:00,97.245,116.325,2.6275,108.57249999999999,100.6675
2026-04-20 18:00:00,112.91,136.0025,23.3675,127.62,117.75
2026-04-20 19:00:00,123.4075,154.5575,55.6225,144.5825,132.84
2026-04-20 20:00:00,127.18,140.865,91.35,153.76,129.355
2026-04-20 21:00:00,121.94,136.14999999999998,109.545,139.9,123.33
2026-04-20 22:00:00,115.9725,118.745,92.8275,122.47999999999999,113.7625
2026-04-20 23:00:00,106.79249999999999,95.075,82.175,118.2975,99.1075
2026-04-21 00:00:00,99.0,84.1725,87.8,112.0,97.92
2026-04-21 01:00:00,98.6425,94.355,79.92,110.125,94.125
2026-04-21 02:00:00,98.3725,90.4575,76.3325,109.7775,92.5275
2026-04-21 03:00:00,99.075,95.8125,74.2825,108.265,94.8575
2026-04-21 04:00:00,100.19,95.5075,72.28,106.5025,95.0225
2026-04-21 05:00:00,108.44749999999999,83.8375,73.08500000000001,116.4125,95.345
2026-04-21 06:00:00,127.08500000000001,107.315,74.92,135.76500000000001,117.01
2026-04-21 07:00:00,135.3275,132.205,81.58500000000001,147.79,131.475
2026-04-21 08:00:00,118.94749999999999,127.875,70.315,140.6925,118.94749999999999
2026-04-21 09:00:00,97.305,101.11500000000001,35.9225,128.365,95.82249999999999
2026-04-21 10:00:00,59.895,48.515,4.2725,117.75,54.11
2026-04-21 11:00:00,19.602500000000003,16.265,0.2125,86.835,17.945
2026-04-21 12:00:00,-0.09749999999999999,3.595,-0.0025,62.165,-1.5975
2026-04-21 13:00:00,-1.7525,-0.07,-0.0375,53.705,-6.28
2026-04-21 14:00:00,-3.7,-0.10500000000000001,-0.10500000000000001,64.05,-8.1225
2026-04-21 15:00:00,-1.8625,0.33,-0.1075,74.0925,-3.3049999999999997
2026-04-21 16:00:00,14.535,11.0825,-0.0675,96.0075,8.395
2026-04-21 17:00:00,69.83,52.0925,0.2125,116.48,61.155
2026-04-21 18:00:00,102.645,93.9225,5.1525,130.555,95.6325
2026-04-21 19:00:00,134.11,112.08,37.3425,150.0,121.36
2026-04-21 20:00:00,144.775,119.805,75.82,154.2525,130.5975
2026-04-21 21:00:00,129.62,119.6625,83.85249999999999,147.585,120.97
2026-04-21 22:00:00,119.845,116.0,77.92,130.1,113.64750000000001
2026-04-21 23:00:00,111.8725,94.9975,75.77000000000001,126.7125,101.88
2026-04-22 00:00:00,107.095,91.08,83.7175,117.8225,97.92999999999999
2026-04-22 01:00:00,104.11,91.56,76.485,113.655,95.825
2026-04-22 02:00:00,104.2,92.1875,73.27,113.11,96.28999999999999
2026-04-22 03:00:00,104.8475,93.56,73.88499999999999,113.495,96.615
2026-04-22 04:00:00,109.6925,85.6375,72.66499999999999,117.59,96.415
2026-04-22 05:00:00,121.2325,92.97749999999999,73.22749999999999,124.73750000000001,105.695
2026-04-22 06:00:00,139.8425,113.5725,76.9575,147.41,124.1175
2026-04-22 07:00:00,134.79749999999999,147.76,92.56,142.755,134.5025
2026-04-22 08:00:00,113.86500000000001,123.8,82.0825,139.9,113.575
2026-04-22 09:00:00,79.555,100.0025,47.1075,132.73250000000002,83.38
2026-04-22 10:00:00,20.154999999999998,15.5275,3.3674999999999997,128.58,18.1525
2026-04-22 11:00:00,-2.42,-1.0125,0.0675,122.79,-1.615
2026-04-22 12:00:00,-8.8325,-5.4575,-0.13,102.5725,-6.5125
2026-04-22 13:00:00,-20.985,-18.8775,-0.5775,76.6125,-19.597499999999997
2026-04-22 14:00:00,-19.0,-17.6475,-0.855,91.145,-18.189999999999998
2026-04-22 15:00:00,-4.92,-4.095,-0.9525,90.85249999999999,-4.4325
2026-04-22 16:00:00,-0.009999999999999898,0.64,-0.295,102.5,0.1975
2026-04-22 17:00:00,57.405,43.2475,-0.0025000000000000005,110.34,50.817499999999995
2026-04-22 18:00:00,105.2975,81.0725,5.7575,122.7225,93.235
2026-04-22 19:00:00,140.1175,114.9975,45.895,143.24,130.01
2026-04-22 20:00:00,153.91,120.3875,86.075,150.04250000000002,147.8725
2026-04-22 21:00:00,128.51,110.0025,108.25999999999999,140.20000000000002,117.675
2026-04-22 22:00:00,114.45,113.7525,94.00999999999999,121.485,110.2
2026-04-22 23:00:00,105.0775,89.9175,83.35249999999999,115.285,105.0775
2026-04-23 00:00:00,100.14,94.2975,89.0275,113.4875,104.0
2026-04-23 01:00:00,97.625,87.08250000000001,81.33,110.10499999999999,98.5175
2026-04-23 02:00:00,96.735,85.155,81.975,109.3775,106.2
2026-04-23 03:00:00,96.2075,83.91749999999999,81.13,110.125,109.715
2026-04-23 04:00:00,95.85,84.8675,80.85,111.82,110.82
2026-04-23 05:00:00,104.16,91.67,80.86,117.39,117.27000000000001
2026-04-23 06:00:00,119.0,112.32,82.115,130.0,138.91
2026-04-23 07:00:00,119.4,120.205,89.055,130.0975,145.39000000000001
2026-04-23 08:00:00,109.6975,133.5,85.55,120.0,118.8175
2026-04-23 09:00:00,63.292500000000004,90.0875,38.905,106.49000000000001,80.71000000000001
2026-04-23 10:00:00,-0.5625,7.0975,3.93,102.9875,16.98
2026-04-23 11:00:00,-6.175,-3.4574999999999996,0.0,93.7725,0.0
2026-04-23 12:00:00,-29.0075,-28.0725,-0.305,49.86,-27.744999999999997
2026-04-23 13:00:00,-49.56,-49.215,-0.5275,44.427499999999995,-49.365
2026-04-23 14:00:00,-48.8625,-48.3675,-0.7175,66.075,-48.5625
2026-04-23 15:00:00,-22.89,-22.4,-0.81,50.135000000000005,-22.6375
2026-04-23 16:00:00,-1.9300000000000002,-1.84,-0.3725,44.97,-1.9400000000000002
2026-04-23 17:00:00,21.9675,17.425,0.7525,40.855000000000004,21.9875
2026-04-23 18:00:00,93.57249999999999,77.0675,12.7,120.1,98.0
2026-04-23 19:00:00,121.5,105.6775,47.82,140.0,123.26750000000001
2026-04-23 20:00:00,136.955,114.4675,75.615,151.9675,134.96
2026-04-23 21:00:00,116.2875,111.095,89.4675,135.0,151.95
2026-04-23 22:00:00,108.235,106.195,80.905,127.65,144.2
2026-04-23 23:00:00,99.4575,94.8825,78.75,120.63,125.7
2026-04-24 00:00:00,102.455,90.02,84.17,119.17,100.115
2026-04-24 01:00:00,100.13,93.84,82.91,113.63,100.13
2026-04-24 02:00:00,100.71000000000001,95.58,81.78,112.75,100.71000000000001
2026-04-24 03:00:00,101.69,97.0775,81.72,112.75,101.69
2026-04-24 04:00:00,105.3575,94.6875,82.02,113.63499999999999,101.4825
2026-04-24 05:00:00,116.305,101.4225,84.47,125.3075,109.65
2026-04-24 06:00:00,131.8725,121.7025,93.8725,137.61,128.0
2026-04-24 07:00:00,137.9875,140.9325,105.115,141.6525,142.165
2026-04-24 08:00:00,117.685,143.02249999999998,101.09,129.68,134.45
2026-04-24 09:00:00,80.905,120.0,90.725,127.5975,102.68
2026-04-24 10:00:00,19.572499999999998,28.77,79.66,117.86,25.9225
2026-04-24 11:00:00,-0.035,-0.035,51.4775,118.735,-0.035
2026-04-24 12:00:00,-6.9075,-6.9075,25.37,60.2125,-6.9075
2026-04-24 13:00:00,-26.14,-26.0825,20.5,59.75,-26.1075
2026-04-24 14:00:00,-30.002499999999998,-29.895,15.5175,52.7675,-29.942500000000003
2026-04-24 15:00:00,-16.555,-16.52,14.71,101.1625,-16.535
2026-04-24 16:00:00,-1.6124999999999998,-1.5825,20.295,99.3925,-1.595
2026-04-24 17:00:00,50.9075,40.495000000000005,42.7525,118.6975,46.48
2026-04-24 18:00:00,104.8175,98.82,76.1575,140.42000000000002,103.9725
2026-04-24 19:00:00,133.81,135.2,95.27,155.1375,136.5675
2026-04-24 20:00:00,137.34,160.7975,103.42750000000001,169.12,155.6525
2026-04-24 21:00:00,131.025,161.3,112.855,152.43,151.9075
2026-04-24 22:00:00,121.8775,134.9425,103.35499999999999,140.3225,131.35750000000002
2026-04-24 23:00:00,113.4425,121.8375,94.16,140.2,120.0
2026-04-25 00:00:00,100.625,102.78999999999999,92.4125,144.095,134.065
2026-04-25 01:00:00,95.53999999999999,98.63,89.5575,145.0,125.39750000000001
2026-04-25 02:00:00,95.12,101.405,88.8325,149.4325,116.205
2026-04-25 03:00:00,95.1575,108.1775,89.2125,145.0,105.27250000000001
2026-04-25 04:00:00,88.4575,88.77,89.0075,144.095,110.05
2026-04-25 05:00:00,88.03,88.235,88.655,143.4675,106.0375
2026-04-25 06:00:00,83.1825,90.8275,88.92,150.0,134.2
2026-04-25 07:00:00,71.3625,84.42,88.075,140.175,125.0
2026-04-25 08:00:00,20.035,88.67,72.7825,124.3725,132.2375
2026-04-25 09:00:00,-0.04249999999999999,19.94,21.9125,115.7125,55.0025
2026-04-25 10:00:00,-7.27,-5.1875,3.1025,28.0,-1.32
2026-04-25 11:00:00,-42.1425,-42.0825,0.33999999999999997,7.0,-42.1125
2026-04-25 12:00:00,-100.5125,-100.11500000000001,-0.0025,9.25,-100.3125
2026-04-25 13:00:00,-176.4425,-175.5725,-0.0025,12.5,-176.02
2026-04-25 14:00:00,-190.865,-189.82,-0.01,9.645,-190.34
2026-04-25 15:00:00,-133.8025,-133.32,-0.01,9.965,-133.55
2026-04-25 16:00:00,-53.974999999999994,-53.545,-0.005,21.4,-53.7725
2026-04-25 17:00:00,-5.245,-3.3475,0.9550000000000001,103.065,-1.4725
2026-04-25 18:00:00,4.615,47.37,14.75,142.8875,85.0975
2026-04-25 19:00:00,65.19749999999999,90.3625,52.5725,160.0,127.0
2026-04-25 20:00:00,75.42,99.945,73.82249999999999,170.93,151.41
2026-04-25 21:00:00,72.005,100.66499999999999,89.63250000000001,148.965,156.1225
2026-04-25 22:00:00,72.6775,98.6275,87.7175,145.9625,144.26
2026-04-25 23:00:00,69.97999999999999,94.1325,86.6925,132.5225,139.3975
2026-04-26 00:00:00,79.44,85.1925,77.53,132.175,120.0025
2026-04-26 01:00:00,83.595,81.7025,60.9025,140.54,100.0
2026-04-26 02:00:00,87.1,108.2075,55.2,138.905,98.24000000000001
2026-04-26 03:00:00,90.4875,128.5475,49.4975,134.175,112.07249999999999
2026-04-26 04:00:00,94.1525,137.51,50.0,131.3175,118.94
2026-04-26 05:00:00,98.64,121.9075,53.525,135.7,112.5675
2026-04-26 06:00:00,94.185,133.48,64.58500000000001,139.9075,120.245
2026-04-26 07:00:00,83.1525,188.2425,65.41,135.7,115.9975
2026-04-26 08:00:00,54.3125,92.0975,24.9375,121.84,79.74
2026-04-26 09:00:00,-0.010000000000000009,0.6900000000000002,0.10250000000000004,125.74,0.44499999999999984
2026-04-26 10:00:00,-28.185000000000002,-28.185000000000002,-2.075,68.5825,-28.185000000000002
2026-04-26 11:00:00,-127.36500000000001,-127.0575,-4.25,24.1,-127.205
2026-04-26 12:00:00,-259.96000000000004,-259.595,-5.0,29.91,-259.745
2026-04-26 13:00:00,-413.77,-413.1175,-5.0,25.0,-413.34000000000003
2026-04-26 14:00:00,-413.245,-412.64,-5.0,17.880000000000003,-412.9
2026-04-26 15:00:00,-235.8925,-235.2125,-5.115,16.3825,-235.4925
2026-04-26 16:00:00,-37.305,-37.182500000000005,-4.5024999999999995,45.08,-37.252500000000005
2026-04-26 17:00:00,11.177499999999998,11.26,-0.56,122.60999999999999,11.7475
2026-04-26 18:00:00,113.0975,113.08500000000001,2.9825,142.0,118.135
2026-04-26 19:00:00,150.2875,152.46,31.2275,157.435,158.9075
2026-04-26 20:00:00,157.815,160.4925,72.7675,172.67000000000002,165.7125
2026-04-26 21:00:00,140.6525,142.2925,93.16,152.875,145.0525
2026-04-26 22:00:00,126.4075,126.1875,95.0775,145.0,127.585
2026-04-26 23:00:00,122.875,117.425,81.8,130.1,119.4375
2026-04-27 00:00:00,118.44749999999999,104.3325,81.74249999999999,124.03,111.4625
2026-04-27 01:00:00,113.03,98.9625,77.9,119.00999999999999,106.2125
2026-04-27 02:00:00,112.71,100.0025,63.8425,120.08,105.9425
2026-04-27 03:00:00,112.825,97.86,58.7525,120.215,104.36500000000001
2026-04-27 04:00:00,116.74,102.2975,54.96,122.205,108.705
2026-04-27 05:00:00,125.6675,110.7375,69.595,128.585,119.035
2026-04-27 06:00:00,165.5675,150.01749999999998,89.45,150.0,165.5675
2026-04-27 07:00:00,153.69,145.4675,99.9075,157.9475,153.69
2026-04-27 08:00:00,126.5475,164.3175,82.66250000000001,147.31,126.95
2026-04-27 09:00:00,92.5275,139.3,24.7975,128.22,121.6925
2026-04-27 10:00:00,59.1425,101.5625,1.0225,116.77,85.0
2026-04-27 11:00:00,4.14,10.075000000000001,-0.0075,82.2075,5.9775
2026-04-27 12:00:00,-0.0975,-0.0975,-0.0975,66.0225,-0.0975
2026-04-27 13:00:00,-0.83,-0.83,-0.83,60.0,-0.83
2026-04-27 14:00:00,-0.1625,-0.1625,-0.4975,71.5375,-0.1625
2026-04-27 15:00:00,5.1425,2.955,-0.36,56.175,4.91
2026-04-27 16:00:00,68.66499999999999,50.185,-0.035,112.39,59.052499999999995
2026-04-27 17:00:00,107.185,94.52,0.405,124.5475,99.4225
2026-04-27 18:00:00,129.8525,116.42750000000001,9.83,143.105,121.41499999999999
2026-04-27 19:00:00,172.3,158.3625,63.85,162.99,174.8225
2026-04-27 20:00:00,188.1175,184.975,86.43,172.60750000000002,158.7975
2026-04-27 21:00:00,148.46,143.155,97.1575,165.8725,147.12
2026-04-27 22:00:00,125.64750000000001,117.8175,85.7025,151.235,120.8575
2026-04-27 23:00:00,115.2025,99.1075,81.465,134.84,106.565
2026-04-28 00:00:00,119.92,112.63,87.57,141.32,116.18
