Date,DE,BE,ES,IT,NL
2026-04-09 00:00:00,104.8975,104.2975,95.1075,132.29,104.79
2026-04-09 01:00:00,101.1025,100.025,90.79,121.8325,100.4525
2026-04-09 02:00:00,101.095,98.205,80.6875,120.6075,99.3
2026-04-09 03:00:00,101.8625,98.31,75.935,118.0025,99.5925
2026-04-09 04:00:00,105.1,98.5625,74.1725,121.3,101.8475
2026-04-09 05:00:00,115.8725,110.13,76.1675,124.92,112.2175
2026-04-09 06:00:00,135.29500000000002,130.235,93.4375,151.29500000000002,132.0975
2026-04-09 07:00:00,146.6,144.73000000000002,129.6975,170.38,145.385
2026-04-09 08:00:00,128.09,132.8825,99.3175,163.55,129.845
2026-04-09 09:00:00,99.675,130.1775,73.9525,131.765,110.4225
2026-04-09 10:00:00,54.9975,51.77,25.695,125.31,54.8325
2026-04-09 11:00:00,1.2075,1.105,0.735,126.125,1.1575
2026-04-09 12:00:00,-1.03,-1.0125000000000002,-0.065,64.7825,-1.02
2026-04-09 13:00:00,-7.865,-7.6625,-0.6275,45.875,-7.76
2026-04-09 14:00:00,-8.1375,-7.92,-0.82,57.98,-8.0
2026-04-09 15:00:00,-1.3025,-1.23,-0.8474999999999999,64.725,-1.2525
2026-04-09 16:00:00,27.08,21.3025,-0.2075,101.305,24.277500000000003
2026-04-09 17:00:00,82.5275,67.8975,-0.0025,117.765,75.0075
2026-04-09 18:00:00,115.355,103.4075,12.0475,144.005,109.7975
2026-04-09 19:00:00,137.1675,122.14,57.9625,168.505,129.835
2026-04-09 20:00:00,127.325,118.99,77.9975,174.69,123.4725
2026-04-09 21:00:00,110.95,101.3875,83.875,158.6175,105.8325
2026-04-09 22:00:00,100.23,91.8875,69.5575,139.70749999999998,96.0475
2026-04-09 23:00:00,81.05250000000001,79.1875,62.2625,127.78,80.4475
2026-04-10 00:00:00,81.88,72.31,47.98,132.6675,76.565
2026-04-10 01:00:00,79.32,69.02,39.4875,120.0825,73.385
2026-04-10 02:00:00,78.83,68.505,39.8,115.245,72.72
2026-04-10 03:00:00,78.5525,67.39500000000001,39.8,117.2475,72.015
2026-04-10 04:00:00,81.1225,68.95,39.8625,111.54,74.02499999999999
2026-04-10 05:00:00,88.7675,75.285,42.4975,119.425,81.7225
2026-04-10 06:00:00,112.1575,100.9375,61.41,148.0475,105.5325
2026-04-10 07:00:00,126.4375,119.755,85.77,169.61,122.4275
2026-04-10 08:00:00,123.16,128.935,86.005,164.54500000000002,125.0925
2026-04-10 09:00:00,119.265,148.17000000000002,62.32,126.85,130.8775
2026-04-10 10:00:00,109.84,150.0,18.2875,115.905,125.615
2026-04-10 11:00:00,102.99,115.685,1.8075,109.335,107.2
2026-04-10 12:00:00,92.09,122.0,0.2875,91.2925,103.655
2026-04-10 13:00:00,88.9375,98.7625,0.0025,82.9525,91.39
2026-04-10 14:00:00,87.4,109.295,0.0025,85.575,95.425
2026-04-10 15:00:00,94.0175,78.515,0.005,102.0,84.55499999999999
2026-04-10 16:00:00,108.78,96.3975,0.2125,116.355,101.2625
2026-04-10 17:00:00,130.1025,115.565,5.9975000000000005,137.4875,120.7175
2026-04-10 18:00:00,155.29,141.0325,36.7725,151.5025,150.4
2026-04-10 19:00:00,227.7675,197.9925,72.12,172.78,225.0025
2026-04-10 20:00:00,245.115,196.5675,104.85,180.5,238.1425
2026-04-10 21:00:00,176.4775,148.8125,104.675,165.27249999999998,170.63
2026-04-10 22:00:00,149.305,125.97,93.255,145.065,142.075
2026-04-10 23:00:00,131.96,118.4375,84.41,134.9025,125.72
2026-04-11 00:00:00,134.015,95.0525,81.9425,130.1,125.925
2026-04-11 01:00:00,120.6325,104.7525,61.5325,130.1,112.0525
2026-04-11 02:00:00,114.3825,93.255,51.4,122.645,104.565
2026-04-11 03:00:00,112.35,87.0575,48.8,123.66,101.0475
2026-04-11 04:00:00,110.8375,87.36500000000001,43.42,124.7375,99.7025
2026-04-11 05:00:00,108.36,84.95750000000001,50.05,125.555,96.8925
2026-04-11 06:00:00,106.605,84.3475,63.39,133.825,96.3775
2026-04-11 07:00:00,93.2375,74.405,63.9,150.96,84.41499999999999
2026-04-11 08:00:00,69.61,57.8375,58.5775,140.66,64.0525
2026-04-11 09:00:00,21.57,19.8975,32.035000000000004,138.4475,20.765
2026-04-11 10:00:00,-0.1574999999999997,-0.0524999999999999,8.655000000000001,120.8,-0.1099999999999998
2026-04-11 11:00:00,-8.307500000000001,-2.625,0.8574999999999999,120.14,-4.8425
2026-04-11 12:00:00,-40.2525,-2.0,0.0,84.7725,-21.73
2026-04-11 13:00:00,-79.965,-13.1875,-0.1625,37.5,-28.965
2026-04-11 14:00:00,-77.635,-6.8,-0.7575000000000001,37.445,-24.3525
2026-04-11 15:00:00,-45.8275,-5.3375,-1.4375,73.215,-5.745
2026-04-11 16:00:00,-15.7975,-3.7625,-1.2525,97.045,5.7675
2026-04-11 17:00:00,-0.7149999999999999,6.890000000000001,-0.2025,125.6325,19.3
2026-04-11 18:00:00,43.697500000000005,47.52,2.0875,141.4025,69.9975
2026-04-11 19:00:00,73.8175,69.66,13.3475,159.68,90.9075
2026-04-11 20:00:00,74.7875,76.945,26.785,166.57999999999998,107.2325
2026-04-11 21:00:00,65.2325,72.0125,34.6425,147.5325,102.9675
2026-04-11 22:00:00,68.6275,76.38,31.815,140.8175,119.9
2026-04-11 23:00:00,68.625,65.6125,24.3925,132.0075,82.38499999999999
2026-04-12 00:00:00,72.52250000000001,61.2225,15.1575,147.5125,67.7175
2026-04-12 01:00:00,76.57249999999999,61.88,11.045,150.0,69.6925
2026-04-12 02:00:00,80.4225,64.835,9.4375,135.0,73.19500000000001
2026-04-12 03:00:00,85.26,68.165,10.9375,119.42,76.8825
2026-04-12 04:00:00,95.1025,75.2625,10.525,119.42,85.6825
2026-04-12 05:00:00,98.05,77.7175,10.8175,117.48,88.47749999999999
2026-04-12 06:00:00,98.7,78.1275,11.8075,111.3525,88.35499999999999
2026-04-12 07:00:00,94.3175,74.2775,10.5175,103.845,84.17
2026-04-12 08:00:00,76.10249999999999,44.79,12.2275,98.6675,68.38250000000001
2026-04-12 09:00:00,53.3225,30.09,10.8425,81.005,46.1875
2026-04-12 10:00:00,30.2325,15.935,2.5125,68.37,15.96
2026-04-12 11:00:00,22.415,8.94,0.2625,80.0,-2.0725
2026-04-12 12:00:00,14.975,10.52,0.0,69.7975,-2.0225
2026-04-12 13:00:00,1.97,0.4325,0.0,47.650000000000006,-1.13
2026-04-12 14:00:00,4.625,4.994999999999999,-0.005,55.31,4.575
2026-04-12 15:00:00,15.905,15.935,-0.4275,42.6025,15.919999999999998
2026-04-12 16:00:00,67.55,44.09,-0.81,58.337500000000006,61.605
2026-04-12 17:00:00,110.1775,76.16,-0.7175,95.48,102.6675
2026-04-12 18:00:00,135.3875,125.2825,-0.015,126.9,132.3675
2026-04-12 19:00:00,144.765,141.6325,8.885,140.64,144.0175
2026-04-12 20:00:00,146.8025,142.675,35.932500000000005,143.4475,145.7575
2026-04-12 21:00:00,136.73250000000002,136.73250000000002,71.91499999999999,136.73250000000002,136.73250000000002
2026-04-12 22:00:00,130.6075,130.605,54.0225,130.6075,130.6075
2026-04-12 23:00:00,121.0175,121.0,35.015,121.03,121.0075
2026-04-13 00:00:00,116.5425,114.9975,30.1775,117.2975,115.7725
2026-04-13 01:00:00,109.795,109.795,18.8975,109.795,109.795
2026-04-13 02:00:00,107.315,105.07,14.5,108.33,106.2125
2026-04-13 03:00:00,107.59,103.9525,10.3875,109.245,106.2125
2026-04-13 04:00:00,110.02,107.5575,7.795,109.41,109.0475
2026-04-13 05:00:00,119.0725,114.74,13.0875,119.8575,117.0025
2026-04-13 06:00:00,136.115,133.77,20.8875,135.8875,134.925
2026-04-13 07:00:00,145.12,141.3375,52.675,140.1125,144.3375
2026-04-13 08:00:00,173.88,173.79250000000002,26.1225,164.37,173.365
2026-04-13 09:00:00,160.965,166.675,4.82,180.0,163.555
2026-04-13 10:00:00,138.63,144.48250000000002,0.21,174.3025,141.9075
2026-04-13 11:00:00,116.0,125.755,-0.0075,169.82999999999998,121.915
2026-04-13 12:00:00,104.735,117.32,-0.0275,164.67000000000002,111.8275
2026-04-13 13:00:00,97.3925,113.8975,-0.02,155.8375,106.4225
2026-04-13 14:00:00,101.695,114.9975,-0.04,165.0575,114.26
2026-04-13 15:00:00,104.6375,110.8375,-0.015,155.0,116.9425
2026-04-13 16:00:00,114.5975,105.585,-0.01,152.84750000000005,113.67
2026-04-13 17:00:00,130.3775,119.42,0.0025,145.66,125.4725
2026-04-13 18:00:00,148.2,141.095,4.6125,164.51,144.625
2026-04-13 19:00:00,164.5225,168.3275,26.9575,169.6775,164.9475
2026-04-13 20:00:00,156.61,151.195,82.235,166.07,153.765
2026-04-13 21:00:00,139.0475,144.8975,99.95,151.745,143.2825
2026-04-13 22:00:00,129.76,129.925,89.775,141.79500000000002,130.6975
2026-04-13 23:00:00,122.6275,122.82,68.3375,133.3525,122.73
2026-04-14 00:00:00,116.0625,116.865,65.47749999999999,130.1,116.495
2026-04-14 01:00:00,113.665,114.645,62.0875,128.89,114.23
2026-04-14 02:00:00,114.99,115.945,63.525000000000006,128.5925,115.505
2026-04-14 03:00:00,113.385,113.6425,59.1075,128.55,113.555
2026-04-14 04:00:00,114.68,114.5175,57.25,129.62,114.65
2026-04-14 05:00:00,118.1475,117.8575,60.765,130.855,118.045
2026-04-14 06:00:00,138.72,137.995,73.30000000000001,149.6375,138.29
2026-04-14 07:00:00,163.0225,162.2775,94.41,168.7775,162.6525
2026-04-14 08:00:00,164.495,165.185,81.39,183.1425,165.2825
2026-04-14 09:00:00,144.32999999999998,139.0875,25.65,173.88750000000002,141.615
2026-04-14 10:00:00,128.82999999999998,117.005,0.6649999999999999,168.18,123.34
2026-04-14 11:00:00,117.3325,92.795,-0.1325,150.36,106.7875
2026-04-14 12:00:00,109.5075,88.17,-0.6,129.25,100.48
2026-04-14 13:00:00,104.7,81.61,-0.6,128.3075,93.995
2026-04-14 14:00:00,108.91,71.1425,-0.2825,129.11,91.66
2026-04-14 15:00:00,115.5675,89.4675,-0.5,146.3,102.4125
2026-04-14 16:00:00,121.695,90.95,-0.2575,150.36,108.08
2026-04-14 17:00:00,137.4375,114.49,0.0,150.0,126.545
2026-04-14 18:00:00,160.015,145.7175,3.795,171.1275,152.76999999999998
2026-04-14 19:00:00,224.7525,181.1925,54.52,183.1,212.65
2026-04-14 20:00:00,234.2775,190.07,97.115,189.8575,224.3325
2026-04-14 21:00:00,165.9475,154.55,114.805,170.665,159.9875
2026-04-14 22:00:00,148.2575,139.5925,98.8675,151.9725,143.75
2026-04-14 23:00:00,135.37,128.1175,92.875,145.5075,131.7725
2026-04-15 00:00:00,121.6,117.045,103.74,126.0975,119.48
2026-04-15 01:00:00,116.4575,110.15,91.575,126.0525,113.31
2026-04-15 02:00:00,111.7675,104.7925,84.14250000000001,127.16,108.5125
2026-04-15 03:00:00,110.0175,101.005,74.485,129.89,105.8225
2026-04-15 04:00:00,110.8425,101.7325,74.5,127.16,106.6225
2026-04-15 05:00:00,123.18,111.6525,77.4125,130.7575,117.62
2026-04-15 06:00:00,148.44,133.71,92.695,153.005,140.83
2026-04-15 07:00:00,159.5525,143.60500000000002,117.59,160.75,154.91
2026-04-15 08:00:00,140.1,138.195,100.02,172.9675,139.1
2026-04-15 09:00:00,116.32,115.6975,47.8375,163.9225,115.9975
2026-04-15 10:00:00,100.8025,88.0,1.73,142.9875,94.7625
2026-04-15 11:00:00,78.94,62.295,-0.0025,134.0675,68.9375
2026-04-15 12:00:00,58.3175,49.185,-0.0975,123.665,50.0
2026-04-15 13:00:00,50.2325,39.785,-0.36,119.245,42.3975
2026-04-15 14:00:00,67.25750000000001,47.4225,-0.5,121.035,56.9525
2026-04-15 15:00:00,81.4925,60.025,-0.81,128.2625,70.5575
2026-04-15 16:00:00,99.255,73.35249999999999,-0.5425,129.39499999999998,87.67750000000001
2026-04-15 17:00:00,124.84,95.8175,-0.005,141.2825,111.1075
2026-04-15 18:00:00,141.9,117.4925,5.1075,150.0,129.65
2026-04-15 19:00:00,180.07999999999998,139.70749999999998,76.1525,165.27,165.7775
2026-04-15 20:00:00,180.8,149.98250000000002,128.6975,171.70499999999998,172.7
2026-04-15 21:00:00,148.07999999999998,142.785,134.6,155.1875,144.665
2026-04-15 22:00:00,132.685,129.8425,121.15,134.82999999999998,130.715
2026-04-15 23:00:00,117.77,115.4475,108.575,130.1,116.6275
2026-04-16 00:00:00,106.215,103.5225,94.665,126.31,104.945
2026-04-16 01:00:00,101.3975,98.6525,89.655,120.765,100.1025
2026-04-16 02:00:00,99.595,95.26,89.23249999999999,118.1325,97.565
2026-04-16 03:00:00,98.365,94.6325,89.2675,115.0125,96.64
2026-04-16 04:00:00,100.9025,97.59,90.21,117.3375,99.37
2026-04-16 05:00:00,110.605,103.6275,92.4475,120.8425,107.385
2026-04-16 06:00:00,139.475,129.96,103.5025,143.8075,134.9
2026-04-16 07:00:00,145.02249999999998,138.7025,121.1575,154.45499999999998,141.825
2026-04-16 08:00:00,133.635,131.2875,124.7025,159.9575,132.415
2026-04-16 09:00:00,110.195,108.95,98.7275,150.36,109.61
2026-04-16 10:00:00,96.3525,86.00999999999999,33.3175,133.5125,91.18
2026-04-16 11:00:00,75.6725,57.95,0.5225,120.66,66.31
2026-04-16 12:00:00,60.5125,47.2,0.0,107.2675,53.7125
2026-04-16 13:00:00,45.7675,33.6075,0.0,106.6925,40.0025
2026-04-16 14:00:00,53.9725,39.685,0.0,110.165,46.4125
2026-04-16 15:00:00,70.87,51.81,0.0,110.4425,61.8125
2026-04-16 16:00:00,89.7575,65.465,-0.005,114.92,79.0
2026-04-16 17:00:00,111.555,105.315,1.15,117.9675,106.04
2026-04-16 18:00:00,131.145,117.015,40.790000000000006,137.35000000000002,124.0
2026-04-16 19:00:00,166.9275,139.1575,95.6075,153.8875,159.74
2026-04-16 20:00:00,187.3175,157.9675,121.81,165.69,180.6625
2026-04-16 21:00:00,155.01,141.6625,134.655,153.82,151.6975
2026-04-16 22:00:00,138.76,134.34,128.4575,137.9,137.26
2026-04-16 23:00:00,127.3625,123.96,114.1,127.245,125.665
2026-04-17 00:00:00,121.7725,121.3,119.9175,121.9925,121.55
2026-04-17 01:00:00,115.5225,115.3625,114.8925,115.595,115.4475
2026-04-17 02:00:00,112.5325,112.5325,112.5325,112.89,112.5325
2026-04-17 03:00:00,108.5125,107.8925,106.0275,108.8,108.225
2026-04-17 04:00:00,111.4675,109.7625,104.58,112.2425,110.6725
2026-04-17 05:00:00,120.1925,117.4675,109.33,119.71,118.935
2026-04-17 06:00:00,146.5675,131.7825,111.1775,138.76,143.635
2026-04-17 07:00:00,148.555,134.5275,116.435,143.905,145.9825
2026-04-17 08:00:00,127.1575,120.74,112.46,135.0,125.9125
2026-04-17 09:00:00,101.9025,106.695,81.22749999999999,127.0,104.0475
2026-04-17 10:00:00,90.7825,95.355,21.645,117.915,95.48
2026-04-17 11:00:00,57.88,79.8975,0.905,87.5525,70.755
2026-04-17 12:00:00,30.87,64.7125,0.0025,44.3675,45.5925
2026-04-17 13:00:00,26.445,59.5875,0.0,41.075,38.905
2026-04-17 14:00:00,31.3725,70.47749999999999,0.0,53.525,46.96
2026-04-17 15:00:00,59.9975,75.52,0.0,69.8925,65.10499999999999
2026-04-17 16:00:00,81.82,88.9975,0.0,91.2,81.4925
2026-04-17 17:00:00,102.31,115.1425,1.005,111.4625,103.52
2026-04-17 18:00:00,126.755,116.955,44.9875,132.1425,120.26
2026-04-17 19:00:00,157.405,130.7725,87.42,152.1925,150.51
2026-04-17 20:00:00,157.1125,138.5125,115.8075,152.0,153.2775
2026-04-17 21:00:00,138.0075,132.255,123.005,134.965,136.835
2026-04-17 22:00:00,123.93,121.3775,114.2575,125.9275,122.595
2026-04-17 23:00:00,112.71,110.21,103.265,116.2975,111.465
2026-04-18 00:00:00,116.245,111.3075,96.6325,118.76,113.775
2026-04-18 01:00:00,110.8775,105.8075,90.955,113.1875,108.32
2026-04-18 02:00:00,109.6625,102.985,83.2825,113.2825,106.2925
2026-04-18 03:00:00,107.695,99.9575,77.2425,114.3825,103.7675
2026-04-18 04:00:00,108.8725,100.245,75.03999999999999,112.755,104.5
2026-04-18 05:00:00,110.905,102.235,76.7025,114.8625,106.535
2026-04-18 06:00:00,110.83,103.61,83.2925,117.59,107.08
2026-04-18 07:00:00,105.7425,103.1575,84.9775,120.3775,103.985
2026-04-18 08:00:00,92.2875,119.675,63.0275,118.0675,101.6625
2026-04-18 09:00:00,75.1275,103.0125,20.4775,119.625,86.93
2026-04-18 10:00:00,39.5675,80.8625,1.78,67.63499999999999,63.07
2026-04-18 11:00:00,3.94,64.3875,-0.7025,36.3325,40.9675
2026-04-18 12:00:00,-3.3825000000000003,45.05,-1.035,23.895,32.1
2026-04-18 13:00:00,-4.08,45.565,-2.0525,22.0,34.04
2026-04-18 14:00:00,-0.1,48.5825,-2.0775,21.25,34.7575
2026-04-18 15:00:00,18.8975,53.395,-1.3275,17.295,33.572500000000005
2026-04-18 16:00:00,44.8875,104.64,-0.9075,12.25,66.3
2026-04-18 17:00:00,90.805,102.82,-0.105,75.5875,92.2025
2026-04-18 18:00:00,119.595,123.0,3.625,122.18,117.5925
2026-04-18 19:00:00,131.54,139.0,41.9675,142.5725,131.1575
2026-04-18 20:00:00,144.89,149.2425,79.515,145.275,144.1775
2026-04-18 21:00:00,140.29500000000002,139.575,83.875,142.71,137.735
2026-04-18 22:00:00,129.9925,120.9725,81.6625,133.6225,124.6775
2026-04-18 23:00:00,125.0,119.695,81.6375,128.1325,121.465
2026-04-19 00:00:00,116.56,118.57,69.9,118.16,115.4925
2026-04-19 01:00:00,109.95,101.8,60.465,113.33,105.2225
2026-04-19 02:00:00,109.205,114.3975,54.1475,110.445,109.1975
2026-04-19 03:00:00,106.3225,105.2275,48.95,109.655,103.2475
2026-04-19 04:00:00,105.415,107.25,45.655,108.1075,103.4625
2026-04-19 05:00:00,106.55,90.14,58.18,113.33,97.95
2026-04-19 06:00:00,104.7825,99.8875,65.83,115.6025,100.7075
2026-04-19 07:00:00,100.0325,100.6775,70.7575,123.0025,97.9325
2026-04-19 08:00:00,96.63,104.9425,37.575,118.59,97.2525
2026-04-19 09:00:00,93.8425,83.97,2.38,114.4025,87.66
2026-04-19 10:00:00,71.385,51.91,-0.5825,110.23,61.3175
2026-04-19 11:00:00,31.985,25.495,-1.98,36.0675,28.315
2026-04-19 12:00:00,5.735,10.355,-2.1,38.0,8.055
2026-04-19 13:00:00,-0.8475,-0.8475,-2.1,21.885,-0.8475
2026-04-19 14:00:00,-3.005,-3.005,-3.005,26.89,-3.005
2026-04-19 15:00:00,-2.255,-2.255,-3.0025,33.88,-2.255
2026-04-19 16:00:00,16.02,10.8325,-4.2775,115.29,13.48
2026-04-19 17:00:00,73.7575,57.0075,-1.2825,130.0,65.33
2026-04-19 18:00:00,103.855,112.915,0.5025,133.25,103.855
2026-04-19 19:00:00,117.3525,124.0475,35.489999999999995,146.425,116.8075
2026-04-19 20:00:00,124.1125,130.0025,77.875,144.49,124.6425
2026-04-19 21:00:00,121.5475,129.7025,87.6325,129.975,122.14
2026-04-19 22:00:00,119.3625,124.4275,86.7175,120.8975,119.0625
2026-04-19 23:00:00,111.2325,116.94,85.535,112.1175,111.3
2026-04-20 00:00:00,106.3075,131.9225,81.025,107.2925,112.4325
2026-04-20 01:00:00,101.1125,117.6975,75.9025,107.225,104.105
2026-04-20 02:00:00,99.0125,122.0525,74.715,105.66,104.405
2026-04-20 03:00:00,99.04,117.73,72.78,108.7775,102.235
2026-04-20 04:00:00,102.3025,114.9975,74.1275,105.61,103.5175
2026-04-20 05:00:00,111.6,115.3275,76.6275,120.66,108.45
2026-04-20 06:00:00,129.385,127.3675,79.475,136.79500000000002,124.0
2026-04-20 07:00:00,142.2075,186.5,91.8,140.0,156.27499999999998
2026-04-20 08:00:00,134.32,182.7275,81.0325,140.9325,148.685
2026-04-20 09:00:00,110.015,147.04,50.6075,148.3375,119.4825
2026-04-20 10:00:00,90.1975,116.3575,4.415,135.855,97.1275
2026-04-20 11:00:00,75.88749999999999,96.955,0.1375,123.8,80.64
2026-04-20 12:00:00,51.182500000000005,56.6975,0.15,90.6825,51.182500000000005
2026-04-20 13:00:00,32.595,49.6875,0.0025,85.04499999999999,37.8325
2026-04-20 14:00:00,29.57,51.432500000000005,0.0,107.98,36.8575
2026-04-20 15:00:00,46.475,96.795,0.0,80.2325,63.8725
2026-04-20 16:00:00,78.325,77.0025,0.0025,88.30499999999999,75.035
2026-04-20 17:00:00,97.245,116.325,2.6275,108.5725,100.6675
2026-04-20 18:00:00,112.91,136.0025,23.3675,127.62,117.75
2026-04-20 19:00:00,123.4075,154.5575,55.6225,144.5825,132.84
2026-04-20 20:00:00,127.18,140.865,91.35,153.76,129.355
2026-04-20 21:00:00,121.94,136.14999999999998,109.545,139.9,123.33
2026-04-20 22:00:00,115.9725,118.745,92.8275,122.48,113.7625
2026-04-20 23:00:00,106.7925,95.075,82.175,118.2975,99.1075
2026-04-21 00:00:00,99.0,84.1725,87.8,112.0,97.92
2026-04-21 01:00:00,98.6425,94.355,79.92,110.125,94.125
2026-04-21 02:00:00,98.3725,90.4575,76.3325,109.7775,92.5275
2026-04-21 03:00:00,99.075,95.8125,74.2825,108.265,94.8575
2026-04-21 04:00:00,100.19,95.5075,72.28,106.5025,95.0225
2026-04-21 05:00:00,108.4475,83.8375,73.08500000000001,116.4125,95.345
2026-04-21 06:00:00,127.085,107.315,74.92,135.765,117.01
2026-04-21 07:00:00,135.3275,132.205,81.58500000000001,147.79,131.475
2026-04-21 08:00:00,118.9475,127.875,70.315,140.6925,118.9475
2026-04-21 09:00:00,97.305,101.115,35.9225,128.365,95.8225
2026-04-21 10:00:00,59.895,48.515,4.2725,117.75,54.11
2026-04-21 11:00:00,19.602500000000003,16.265,0.2125,86.835,17.945
2026-04-21 12:00:00,-0.0974999999999999,3.595,-0.0025,62.165,-1.5975
2026-04-21 13:00:00,-1.7525,-0.07,-0.0375,53.705,-6.28
2026-04-21 14:00:00,-3.7,-0.105,-0.105,64.05,-8.1225
2026-04-21 15:00:00,-1.8625,0.33,-0.1075,74.0925,-3.305
2026-04-21 16:00:00,14.535,11.0825,-0.0675,96.0075,8.395
2026-04-21 17:00:00,69.83,52.0925,0.2125,116.48,61.155
2026-04-21 18:00:00,102.645,93.9225,5.1525,130.555,95.6325
2026-04-21 19:00:00,134.11,112.08,37.3425,150.0,121.36
2026-04-21 20:00:00,144.775,119.805,75.82,154.2525,130.5975
2026-04-21 21:00:00,129.62,119.6625,83.85249999999999,147.585,120.97
2026-04-21 22:00:00,119.845,116.0,77.92,130.1,113.6475
2026-04-21 23:00:00,111.8725,94.9975,75.77000000000001,126.7125,101.88
2026-04-22 00:00:00,107.095,91.08,83.7175,117.8225,97.93
2026-04-22 01:00:00,104.11,91.56,76.485,113.655,95.825
2026-04-22 02:00:00,104.2,92.1875,73.27,113.11,96.29
2026-04-22 03:00:00,104.8475,93.56,73.88499999999999,113.495,96.615
2026-04-22 04:00:00,109.6925,85.6375,72.66499999999999,117.59,96.415
2026-04-22 05:00:00,121.2325,92.9775,73.22749999999999,124.7375,105.695
2026-04-22 06:00:00,139.8425,113.5725,76.9575,147.41,124.1175
2026-04-22 07:00:00,134.7975,147.76,92.56,142.755,134.5025
2026-04-22 08:00:00,113.865,123.8,82.0825,139.9,113.575
2026-04-22 09:00:00,79.555,100.0025,47.1075,132.73250000000002,83.38
2026-04-22 10:00:00,20.155,15.5275,3.3675,128.58,18.1525
2026-04-22 11:00:00,-2.42,-1.0125,0.0675,122.79,-1.615
2026-04-22 12:00:00,-8.8325,-5.4575,-0.13,102.5725,-6.5125
2026-04-22 13:00:00,-20.985,-18.8775,-0.5775,76.6125,-19.5975
2026-04-22 14:00:00,-19.0,-17.6475,-0.855,91.145,-18.19
2026-04-22 15:00:00,-4.92,-4.095,-0.9525,90.8525,-4.4325
2026-04-22 16:00:00,-0.0099999999999998,0.64,-0.295,102.5,0.1975
2026-04-22 17:00:00,57.405,43.2475,-0.0025,110.34,50.8175
2026-04-22 18:00:00,105.2975,81.0725,5.7575,122.7225,93.235
2026-04-22 19:00:00,140.1175,114.9975,45.895,143.24,130.01
2026-04-22 20:00:00,153.91,120.3875,86.075,150.04250000000002,147.8725
2026-04-22 21:00:00,128.51,110.0025,108.26,140.20000000000002,117.675
2026-04-22 22:00:00,114.45,113.7525,94.01,121.485,110.2
2026-04-22 23:00:00,105.0775,89.9175,83.35249999999999,115.285,105.0775
2026-04-23 00:00:00,100.14,94.2975,89.0275,113.4875,104.0
2026-04-23 01:00:00,97.625,87.08250000000001,81.33,110.105,98.5175
2026-04-23 02:00:00,96.735,85.155,81.975,109.3775,106.2
2026-04-23 03:00:00,96.2075,83.91749999999999,81.13,110.125,109.715
2026-04-23 04:00:00,95.85,84.8675,80.85,111.82,110.82
2026-04-23 05:00:00,104.16,91.67,80.86,117.39,117.27
2026-04-23 06:00:00,119.0,112.32,82.115,130.0,138.91
2026-04-23 07:00:00,119.4,120.205,89.055,130.0975,145.39
2026-04-23 08:00:00,109.6975,133.5,85.55,120.0,118.8175
2026-04-23 09:00:00,63.2925,90.0875,38.905,106.49,80.71000000000001
2026-04-23 10:00:00,-0.5625,7.0975,3.93,102.9875,16.98
2026-04-23 11:00:00,-6.175,-3.4575,0.0,93.7725,0.0
2026-04-23 12:00:00,-29.0075,-28.0725,-0.305,49.86,-27.745
2026-04-23 13:00:00,-49.56,-49.215,-0.5275,44.4275,-49.365
2026-04-23 14:00:00,-48.8625,-48.3675,-0.7175,66.075,-48.5625
2026-04-23 15:00:00,-22.89,-22.4,-0.81,50.135000000000005,-22.6375
2026-04-23 16:00:00,-1.93,-1.84,-0.3725,44.97,-1.94
2026-04-23 17:00:00,21.9675,17.425,0.7525,40.855,21.9875
2026-04-23 18:00:00,93.5725,77.0675,12.7,120.1,98.0
2026-04-23 19:00:00,121.5,105.6775,47.82,140.0,123.2675
2026-04-23 20:00:00,136.955,114.4675,75.615,151.9675,134.96
2026-04-23 21:00:00,116.2875,111.095,89.4675,135.0,151.95
2026-04-23 22:00:00,108.235,106.195,80.905,127.65,144.2
2026-04-23 23:00:00,99.4575,94.8825,78.75,120.63,125.7
2026-04-24 00:00:00,102.455,90.02,84.17,119.17,100.115
2026-04-24 01:00:00,100.13,93.84,82.91,113.63,100.13
2026-04-24 02:00:00,100.71,95.58,81.78,112.75,100.71
2026-04-24 03:00:00,101.69,97.0775,81.72,112.75,101.69
2026-04-24 04:00:00,105.3575,94.6875,82.02,113.635,101.4825
2026-04-24 05:00:00,116.305,101.4225,84.47,125.3075,109.65
2026-04-24 06:00:00,131.8725,121.7025,93.8725,137.61,128.0
2026-04-24 07:00:00,137.9875,140.9325,105.115,141.6525,142.165
2026-04-24 08:00:00,117.685,143.02249999999998,101.09,129.68,134.45
2026-04-24 09:00:00,80.905,120.0,90.725,127.5975,102.68
2026-04-24 10:00:00,19.5725,28.77,79.66,117.86,25.9225
2026-04-24 11:00:00,-0.035,-0.035,51.4775,118.735,-0.035
2026-04-24 12:00:00,-6.9075,-6.9075,25.37,60.2125,-6.9075
2026-04-24 13:00:00,-26.14,-26.0825,20.5,59.75,-26.1075
2026-04-24 14:00:00,-30.0025,-29.895,15.5175,52.7675,-29.942500000000003
2026-04-24 15:00:00,-16.555,-16.52,14.71,101.1625,-16.535
2026-04-24 16:00:00,-1.6124999999999998,-1.5825,20.295,99.3925,-1.595
2026-04-24 17:00:00,50.9075,40.495000000000005,42.7525,118.6975,46.48
2026-04-24 18:00:00,104.8175,98.82,76.1575,140.42000000000002,103.9725
2026-04-24 19:00:00,133.81,135.2,95.27,155.1375,136.5675
2026-04-24 20:00:00,137.34,160.7975,103.4275,169.12,155.6525
2026-04-24 21:00:00,131.025,161.3,112.855,152.43,151.9075
2026-04-24 22:00:00,121.8775,134.9425,103.355,140.3225,131.35750000000002
2026-04-24 23:00:00,113.4425,121.8375,94.16,140.2,120.0
2026-04-25 00:00:00,100.625,102.79,92.4125,144.095,134.065
2026-04-25 01:00:00,95.54,98.63,89.5575,145.0,125.3975
2026-04-25 02:00:00,95.12,101.405,88.8325,149.4325,116.205
2026-04-25 03:00:00,95.1575,108.1775,89.2125,145.0,105.2725
2026-04-25 04:00:00,88.4575,88.77,89.0075,144.095,110.05
2026-04-25 05:00:00,88.03,88.235,88.655,143.4675,106.0375
2026-04-25 06:00:00,83.1825,90.8275,88.92,150.0,134.2
2026-04-25 07:00:00,71.3625,84.42,88.075,140.175,125.0
2026-04-25 08:00:00,20.035,88.67,72.7825,124.3725,132.2375
2026-04-25 09:00:00,-0.0424999999999999,19.94,21.9125,115.7125,55.0025
2026-04-25 10:00:00,-7.27,-5.1875,3.1025,28.0,-1.32
2026-04-25 11:00:00,-42.1425,-42.0825,0.3399999999999999,7.0,-42.1125
2026-04-25 12:00:00,-100.5125,-100.115,-0.0025,9.25,-100.3125
2026-04-25 13:00:00,-176.4425,-175.5725,-0.0025,12.5,-176.02
2026-04-25 14:00:00,-190.865,-189.82,-0.01,9.645,-190.34
2026-04-25 15:00:00,-133.8025,-133.32,-0.01,9.965,-133.55
2026-04-25 16:00:00,-53.975,-53.545,-0.005,21.4,-53.7725
2026-04-25 17:00:00,-5.245,-3.3475,0.955,103.065,-1.4725
2026-04-25 18:00:00,4.615,47.37,14.75,142.8875,85.0975
2026-04-25 19:00:00,65.19749999999999,90.3625,52.5725,160.0,127.0
2026-04-25 20:00:00,75.42,99.945,73.82249999999999,170.93,151.41
2026-04-25 21:00:00,72.005,100.665,89.63250000000001,148.965,156.1225
2026-04-25 22:00:00,72.6775,98.6275,87.7175,145.9625,144.26
2026-04-25 23:00:00,69.97999999999999,94.1325,86.6925,132.5225,139.3975
2026-04-26 00:00:00,79.44,85.1925,77.53,132.175,120.0025
2026-04-26 01:00:00,83.595,81.7025,60.9025,140.54,100.0
2026-04-26 02:00:00,87.1,108.2075,55.2,138.905,98.24
2026-04-26 03:00:00,90.4875,128.5475,49.4975,134.175,112.0725
2026-04-26 04:00:00,94.1525,137.51,50.0,131.3175,118.94
2026-04-26 05:00:00,98.64,121.9075,53.525,135.7,112.5675
2026-04-26 06:00:00,94.185,133.48,64.58500000000001,139.9075,120.245
2026-04-26 07:00:00,83.1525,188.2425,65.41,135.7,115.9975
2026-04-26 08:00:00,54.3125,92.0975,24.9375,121.84,79.74
2026-04-26 09:00:00,-0.01,0.6900000000000002,0.1025,125.74,0.4449999999999998
2026-04-26 10:00:00,-28.185,-28.185,-2.075,68.5825,-28.185
2026-04-26 11:00:00,-127.365,-127.0575,-4.25,24.1,-127.205
2026-04-26 12:00:00,-259.96000000000004,-259.595,-5.0,29.91,-259.745
2026-04-26 13:00:00,-413.77,-413.1175,-5.0,25.0,-413.34
2026-04-26 14:00:00,-413.245,-412.64,-5.0,17.880000000000003,-412.9
2026-04-26 15:00:00,-235.8925,-235.2125,-5.115,16.3825,-235.4925
2026-04-26 16:00:00,-37.305,-37.182500000000005,-4.5025,45.08,-37.252500000000005
2026-04-26 17:00:00,11.177499999999998,11.26,-0.56,122.61,11.7475
2026-04-26 18:00:00,113.0975,113.085,2.9825,142.0,118.135
2026-04-26 19:00:00,150.2875,152.46,31.2275,157.435,158.9075
2026-04-26 20:00:00,157.815,160.4925,72.7675,172.67000000000002,165.7125
2026-04-26 21:00:00,140.6525,142.2925,93.16,152.875,145.0525
2026-04-26 22:00:00,126.4075,126.1875,95.0775,145.0,127.585
2026-04-26 23:00:00,122.875,117.425,81.8,130.1,119.4375
2026-04-27 00:00:00,118.4475,104.3325,81.74249999999999,124.03,111.4625
2026-04-27 01:00:00,113.03,98.9625,77.9,119.01,106.2125
2026-04-27 02:00:00,112.71,100.0025,63.8425,120.08,105.9425
2026-04-27 03:00:00,112.825,97.86,58.7525,120.215,104.365
2026-04-27 04:00:00,116.74,102.2975,54.96,122.205,108.705
2026-04-27 05:00:00,125.6675,110.7375,69.595,128.585,119.035
2026-04-27 06:00:00,165.5675,150.01749999999998,89.45,150.0,165.5675
2026-04-27 07:00:00,153.69,145.4675,99.9075,157.9475,153.69
2026-04-27 08:00:00,126.5475,164.3175,82.66250000000001,147.31,126.95
2026-04-27 09:00:00,92.5275,139.3,24.7975,128.22,121.6925
2026-04-27 10:00:00,59.1425,101.5625,1.0225,116.77,85.0
2026-04-27 11:00:00,4.14,10.075,-0.0075,82.2075,5.9775
2026-04-27 12:00:00,-0.0975,-0.0975,-0.0975,66.0225,-0.0975
2026-04-27 13:00:00,-0.83,-0.83,-0.83,60.0,-0.83
2026-04-27 14:00:00,-0.1625,-0.1625,-0.4975,71.5375,-0.1625
2026-04-27 15:00:00,5.1425,2.955,-0.36,56.175,4.91
2026-04-27 16:00:00,68.66499999999999,50.185,-0.035,112.39,59.0525
2026-04-27 17:00:00,107.185,94.52,0.405,124.5475,99.4225
2026-04-27 18:00:00,129.8525,116.4275,9.83,143.105,121.415
2026-04-27 19:00:00,172.3,158.3625,63.85,162.99,174.8225
2026-04-27 20:00:00,188.1175,184.975,86.43,172.60750000000002,158.7975
2026-04-27 21:00:00,148.46,143.155,97.1575,165.8725,147.12
2026-04-27 22:00:00,125.6475,117.8175,85.7025,151.235,120.8575
2026-04-27 23:00:00,115.2025,99.1075,81.465,134.84,106.565
2026-04-28 00:00:00,112.66,101.155,83.965,132.7175,110.8775
2026-04-28 01:00:00,106.9025,94.9125,79.6375,134.005,106.9025
2026-04-28 02:00:00,102.98,87.1325,76.5575,128.9975,102.98
2026-04-28 03:00:00,102.83,85.45750000000001,74.5,128.9675,100.0025
2026-04-28 04:00:00,105.2775,85.2125,74.325,130.1,97.99
2026-04-28 05:00:00,111.835,90.3275,77.675,130.1,101.555
2026-04-28 06:00:00,122.1,102.255,84.1925,145.0,110.0625
2026-04-28 07:00:00,121.43,108.8925,93.8675,150.9125,113.425
2026-04-28 08:00:00,112.315,106.905,88.84,145.435,108.905
2026-04-28 09:00:00,79.7775,74.4525,59.035,123.8,76.725
2026-04-28 10:00:00,21.815,21.39,11.31,119.51,22.040000000000003
2026-04-28 11:00:00,-1.085,-0.5825,1.045,72.49,-3.8975
2026-04-28 12:00:00,-14.0425,0.2699999999999999,0.465,79.58,-31.9975
2026-04-28 13:00:00,-29.0,-23.5725,0.01,75.91499999999999,-43.8025
2026-04-28 14:00:00,-29.0075,-9.355,0.0075,104.9,-48.0
2026-04-28 15:00:00,-17.33,-6.83,0.135,117.605,-39.9075
2026-04-28 16:00:00,-4.655,-3.715,0.9825,130.1,-7.68
2026-04-28 17:00:00,33.315,25.5975,7.8575,130.1,22.64
2026-04-28 18:00:00,90.1,76.1675,41.3375,149.24,83.8125
2026-04-28 19:00:00,117.4,100.39,82.23,160.0,109.0425
2026-04-28 20:00:00,120.9725,99.43,98.2,169.9625,111.3725
2026-04-28 21:00:00,115.8275,91.9675,109.455,152.65,104.9
2026-04-28 22:00:00,111.295,88.2425,99.3225,140.0,100.0
2026-04-28 23:00:00,101.77,78.15,91.1575,134.095,91.0
2026-04-29 00:00:00,98.2075,80.6425,98.5325,121.58,89.86749999999999
2026-04-29 01:00:00,96.725,78.26,92.5975,117.11,88.06
2026-04-29 02:00:00,97.9175,75.1825,89.75,116.685,87.2825
2026-04-29 03:00:00,98.5275,74.53,89.34,116.045,86.49000000000001
2026-04-29 04:00:00,100.65,76.3225,89.1375,117.72,87.8375
2026-04-29 05:00:00,107.905,81.9975,91.48,120.9825,95.205
2026-04-29 06:00:00,139.7975,87.22,106.115,129.5975,134.5075
2026-04-29 07:00:00,126.8475,99.9175,108.2975,138.46,116.3025
2026-04-29 08:00:00,112.365,88.52,105.1475,133.705,101.2975
2026-04-29 09:00:00,66.42,49.66,97.7525,121.82,58.2275
2026-04-29 10:00:00,-1.0775,0.955,93.6775,116.06,-0.0124999999999997
2026-04-29 11:00:00,-11.5675,-8.2175,64.4325,68.03999999999999,-9.7025
2026-04-29 12:00:00,-33.765,-30.0325,42.51,54.74,-32.0125
2026-04-29 13:00:00,-60.3625,-55.0425,29.2525,56.4375,-56.7575
2026-04-29 14:00:00,-55.4325,-50.69,21.8725,60.3975,-52.415
2026-04-29 15:00:00,-36.22,-32.4,14.2225,91.6725,-33.3525
2026-04-29 16:00:00,-11.25,-10.1025,17.747500000000002,106.095,-10.525
2026-04-29 17:00:00,19.645,16.247500000000002,29.3,129.2525,17.9725
2026-04-29 18:00:00,91.145,70.6825,40.1575,135.0,81.015
2026-04-29 19:00:00,125.81,112.0425,77.9975,151.9125,117.0075
2026-04-29 20:00:00,145.5925,134.0425,101.7225,153.505,145.64
2026-04-29 21:00:00,129.95,118.6,112.07,145.0,129.99
2026-04-29 22:00:00,115.6575,96.5925,102.875,138.0425,105.5925
2026-04-29 23:00:00,105.0975,85.31,101.3125,130.1,95.35
2026-04-30 00:00:00,100.32,80.6225,99.865,125.645,91.0525
2026-04-30 01:00:00,100.11,78.9475,100.4675,120.8925,89.9375
2026-04-30 02:00:00,98.57,77.3775,96.1175,121.55,88.7375
2026-04-30 03:00:00,99.4775,74.6075,95.2175,124.58,87.795
2026-04-30 04:00:00,104.09,79.015,97.615,128.4675,92.3
2026-04-30 05:00:00,114.1025,87.0325,96.715,128.0125,101.3175
2026-04-30 06:00:00,139.12,91.445,100.7225,135.12,132.45749999999998
2026-04-30 07:00:00,122.285,98.7325,111.155,141.0225,111.3725
2026-04-30 08:00:00,96.2175,74.3075,98.235,135.0,85.0475
2026-04-30 09:00:00,45.555,36.32,65.0075,136.0675,41.0025
2026-04-30 10:00:00,-0.0375,-0.0025,11.7525,124.8075,-0.015
2026-04-30 11:00:00,-3.875,-3.2575000000000003,0.875,107.045,-3.4775
2026-04-30 12:00:00,-16.2525,-13.59,0.005,48.46,-16.695
2026-04-30 13:00:00,-32.02,-31.25,0.0,29.57,-31.55
2026-04-30 14:00:00,-28.93,-27.33,0.0,47.96,-27.995
2026-04-30 15:00:00,-12.05,-11.31,0.0,31.880000000000003,-11.64
2026-04-30 16:00:00,-2.2925,-1.7075,0.5149999999999999,15.0,-1.9875
2026-04-30 17:00:00,20.58,17.162499999999998,3.5225,71.1,19.015
2026-04-30 18:00:00,92.43,76.4025,27.3875,123.09,84.3775
2026-04-30 19:00:00,139.0875,124.285,78.15,144.52,132.8875
2026-04-30 20:00:00,178.62,143.07,113.245,154.5775,174.705
2026-04-30 21:00:00,145.84,116.5475,125.405,144.84,143.3
2026-04-30 22:00:00,118.92,109.895,115.85,126.68,113.32
2026-04-30 23:00:00,109.6075,101.6125,107.45,121.06,104.8475
2026-05-01 00:00:00,107.2275,93.865,107.635,122.4,107.2275
2026-05-01 01:00:00,103.085,89.5475,103.005,115.0,103.085
2026-05-01 02:00:00,101.385,85.55,102.9,121.67,101.385
2026-05-01 03:00:00,99.245,83.175,102.59,129.56,99.3225
2026-05-01 04:00:00,97.98,81.36,102.3,136.2925,97.7825
2026-05-01 05:00:00,97.495,85.06,102.72,140.0,97.495
2026-05-01 06:00:00,103.7675,100.6475,105.385,138.95499999999998,104.9775
2026-05-01 07:00:00,80.34,75.06750000000001,103.845,128.5925,91.25
2026-05-01 08:00:00,35.3325,32.1325,77.5175,100.0,33.9025
2026-05-01 09:00:00,-0.0275,-0.025,23.29,2.3875,-0.0275
2026-05-01 10:00:00,-21.18,-21.0475,0.2075,0.0,-21.0925
2026-05-01 11:00:00,-108.6175,-107.8625,-0.86,0.0,-107.9375
2026-05-01 12:00:00,-318.58,-317.13,-1.88,0.0,-317.3175
2026-05-01 13:00:00,-499.0,-497.905,-2.0025,0.0,-498.4425
2026-05-01 14:00:00,-474.9675,-472.985,-2.055,0.0,-473.9725
2026-05-01 15:00:00,-205.8775,-204.5675,-2.1,0.125,-205.23
2026-05-01 16:00:00,-26.2475,-26.055,-1.8675,0.0,-26.16
2026-05-01 17:00:00,5.555,4.3475,-0.3925,10.0,5.095
2026-05-01 18:00:00,92.53,84.8175,11.205,126.03,98.255
2026-05-01 19:00:00,154.19,155.7325,55.7125,140.4325,160.0025
2026-05-01 20:00:00,173.325,173.755,95.35,145.0,177.86
2026-05-01 21:00:00,142.95,142.6125,104.7625,140.0,142.95
2026-05-01 22:00:00,113.2225,118.4075,103.89,149.35,134.0275
2026-05-01 23:00:00,96.9825,110.3275,97.8325,140.0,125.3725
2026-05-02 00:00:00,117.425,115.825,87.325,129.12,123.3775
2026-05-02 01:00:00,103.7125,104.5725,84.9425,122.74,115.1175
2026-05-02 02:00:00,99.4775,100.905,70.35,122.82,119.9
2026-05-02 03:00:00,93.335,92.32,54.1375,122.78,108.71
2026-05-02 04:00:00,93.545,93.01,54.5125,129.26,108.4
2026-05-02 05:00:00,93.6975,92.4675,54.385000000000005,148.895,107.59
2026-05-02 06:00:00,91.78,123.9475,54.8325,160.0,107.2875
2026-05-02 07:00:00,78.0125,115.135,53.845,163.4725,101.1
2026-05-02 08:00:00,18.27,37.6,53.2625,141.7675,73.4175
2026-05-02 09:00:00,1.27,2.7275,43.8175,107.03,5.82
2026-05-02 10:00:00,-2.3875,-1.6349999999999998,24.345,7.505,-0.52
2026-05-02 11:00:00,-21.9125,-16.8775,5.7125,11.0,-9.225
2026-05-02 12:00:00,-83.6075,-57.59,0.775,0.0,-18.380000000000003
2026-05-02 13:00:00,-130.0275,-109.425,0.005,0.0,-59.432500000000005
2026-05-02 14:00:00,-86.8425,-73.155,0.0,0.0,-40.01
2026-05-02 15:00:00,-14.0375,-12.49,-0.005,0.125,-8.7975
2026-05-02 16:00:00,0.0325,0.1149999999999999,-0.005,4.255,0.06
2026-05-02 17:00:00,54.945,97.8,2.5925,111.5725,73.485
2026-05-02 18:00:00,127.14,142.85750000000002,12.745,159.75,138.2
2026-05-02 19:00:00,165.0,170.0,52.125,164.675,169.16
2026-05-02 20:00:00,195.45,198.4,73.2075,166.205,203.66
2026-05-02 21:00:00,154.32,164.0,90.605,150.38,161.16
2026-05-02 22:00:00,139.96,142.93,90.8525,158.17000000000002,142.29000000000002
2026-05-02 23:00:00,123.865,119.985,82.875,149.4025,121.315
2026-05-03 00:00:00,121.195,119.315,86.825,147.15,120.1275
2026-05-03 01:00:00,116.0325,115.6125,81.14,139.97500000000002,116.0325
2026-05-03 02:00:00,110.1625,115.3675,75.05,129.19,114.0575
2026-05-03 03:00:00,108.4775,111.3375,75.765,121.01,110.7625
2026-05-03 04:00:00,106.2925,107.82,68.86,112.46,106.375
2026-05-03 05:00:00,107.0725,110.87,58.555,121.5,107.1275
2026-05-03 06:00:00,101.7,105.0575,62.5825,145.79000000000002,103.2075
2026-05-03 07:00:00,85.3375,98.84,75.33,139.97500000000002,95.585
2026-05-03 08:00:00,71.7375,106.26,48.0875,136.56,80.695
2026-05-03 09:00:00,32.6575,57.0375,25.91,110.45,47.4775
2026-05-03 10:00:00,1.2875,10.36,4.1975,28.4875,24.9975
2026-05-03 11:00:00,-1.4275,9.15,0.3375,6.5025,24.2075
2026-05-03 12:00:00,-6.79,3.795,0.0075,2.75,28.5625
2026-05-03 13:00:00,-14.435,6.9875,-0.01,0.0,33.147499999999994
2026-05-03 14:00:00,-10.8825,5.6850000000000005,-0.0125,4.0025,39.9975
2026-05-03 15:00:00,-3.9675,16.8675,-0.01,12.2575,45.0075
2026-05-03 16:00:00,9.1325,40.45,-0.005,46.0425,65.2525
2026-05-03 17:00:00,80.7075,129.42,3.475,139.01749999999998,105.6275
2026-05-03 18:00:00,120.5725,113.0475,18.2475,166.465,117.7825
2026-05-03 19:00:00,134.795,135.25,68.695,162.1,138.95499999999998
2026-05-03 20:00:00,140.87,146.18,96.42,171.8,145.12
2026-05-03 21:00:00,137.31,137.7,103.06,151.86,136.3425
2026-05-03 22:00:00,130.3775,130.615,105.2725,152.7525,129.69
2026-05-03 23:00:00,121.115,118.095,97.33,144.9225,119.43
2026-05-04 00:00:00,117.355,117.0475,114.8225,125.7575,117.1775
2026-05-04 01:00:00,108.41,108.2,105.12,117.8025,108.4425
2026-05-04 02:00:00,110.5575,110.4225,97.445,117.2075,110.5275
2026-05-04 03:00:00,106.3475,106.2825,94.2,116.2075,106.3475
2026-05-04 04:00:00,109.9075,107.765,94.675,117.7425,108.6625
2026-05-04 05:00:00,128.8825,117.1725,101.415,122.9175,126.8875
2026-05-04 06:00:00,149.5475,139.57,114.625,141.765,148.7475
2026-05-04 07:00:00,151.26749999999998,151.95,133.94750000000002,148.325,152.565
2026-05-04 08:00:00,134.6025,135.995,119.26,148.75,135.44
2026-05-04 09:00:00,113.625,121.9775,85.4575,155.315,118.145
2026-05-04 10:00:00,99.99,115.53,41.865,144.6925,108.645
2026-05-04 11:00:00,93.095,108.36,4.2,121.99,101.685
2026-05-04 12:00:00,75.065,97.6725,0.9975,107.085,88.71249999999999
2026-05-04 13:00:00,69.4075,90.28,0.4674999999999999,98.76,82.235
2026-05-04 14:00:00,81.0775,102.2575,0.005,112.87,94.305
2026-05-04 15:00:00,94.0025,106.4125,0.0,121.34,101.1375
2026-05-04 16:00:00,107.9675,105.9775,0.0,137.59,106.775
2026-05-04 17:00:00,128.9925,114.9775,0.3425,148.055,122.815
2026-05-04 18:00:00,169.0,143.2875,3.595,167.8575,125.1025
2026-05-04 19:00:00,245.03,155.55,53.0175,179.1125,205.3625
2026-05-04 20:00:00,266.83500000000004,169.15,109.81,180.0,220.36
2026-05-04 21:00:00,194.3,159.98000000000002,133.79500000000002,168.605,185.9
2026-05-04 22:00:00,153.04500000000002,150.1325,141.59,155.0025,151.5125
2026-05-04 23:00:00,137.2,133.7025,122.35,144.2025,135.46
2026-05-05 00:00:00,131.36,125.845,107.99,140.6875,128.9
2026-05-05 01:00:00,126.2,120.335,102.28,132.7075,123.515
2026-05-05 02:00:00,122.11,113.74,98.4325,125.8525,118.505
2026-05-05 03:00:00,122.045,113.255,98.595,125.895,118.35
2026-05-05 04:00:00,123.9,115.2825,99.0975,127.3225,120.07
2026-05-05 05:00:00,133.9025,124.025,101.015,135.56,129.5075
2026-05-05 06:00:00,160.1125,125.635,103.99,147.6275,152.0075
2026-05-05 07:00:00,160.765,138.1325,118.8,165.0,157.735
2026-05-05 08:00:00,147.23250000000002,138.16,104.7725,173.79000000000002,143.1325
2026-05-05 09:00:00,129.61,127.245,70.1825,170.0925,128.6925
2026-05-05 10:00:00,114.12,114.585,19.265,165.0,114.4425
2026-05-05 11:00:00,108.2575,109.4425,1.3575,165.0,109.45
2026-05-05 12:00:00,99.0925,102.075,0.84,133.765,101.1
2026-05-05 13:00:00,98.055,100.59,0.735,134.5725,99.17
2026-05-05 14:00:00,97.745,98.4775,0.385,142.66,99.4225
2026-05-05 15:00:00,105.99,103.7025,0.01,148.01749999999998,102.985
2026-05-05 16:00:00,111.9775,101.38,0.13,150.0,104.7225
2026-05-05 17:00:00,128.67000000000002,110.85,1.88,140.0,116.57
2026-05-05 18:00:00,145.7625,130.6025,18.32,154.94,125.9575
2026-05-05 19:00:00,163.685,150.8975,69.6,161.1925,137.5
2026-05-05 20:00:00,163.9025,144.4875,102.11,162.14249999999998,143.9375
2026-05-05 21:00:00,146.9975,134.885,114.36,160.1875,140.765
2026-05-05 22:00:00,132.745,125.2075,109.9175,138.1025,124.8975
2026-05-05 23:00:00,115.2925,110.74,100.1275,126.4,110.9275
2026-05-06 00:00:00,120.035,119.11,114.9075,132.49,119.735
2026-05-06 01:00:00,114.23,113.0175,108.42,125.08,113.7725
2026-05-06 02:00:00,113.165,110.1925,108.6675,124.0375,111.8975
2026-05-06 03:00:00,112.995,109.7425,108.28,127.045,111.63
2026-05-06 04:00:00,113.34,109.47,109.11,130.2575,111.5825
2026-05-06 05:00:00,118.225,112.365,109.4975,135.4475,115.61
2026-05-06 06:00:00,131.14,127.905,117.75,137.3125,129.62
2026-05-06 07:00:00,142.45,137.7775,124.23,155.07,140.28
2026-05-06 08:00:00,141.55,138.6925,110.92,179.59,139.765
2026-05-06 09:00:00,121.305,122.36,66.9025,179.1175,121.695
2026-05-06 10:00:00,108.8,112.285,17.92,155.695,110.2
2026-05-06 11:00:00,104.12,108.3025,1.395,154.43,105.8675
2026-05-06 12:00:00,100.0925,104.445,1.4975,150.8575,102.565
2026-05-06 13:00:00,89.34,104.9975,2.05,147.75,91.9525
2026-05-06 14:00:00,91.33,92.835,2.05,147.75,91.63
2026-05-06 15:00:00,103.125,111.705,2.0425,137.93,103.3625
2026-05-06 16:00:00,112.6625,108.9525,6.245,131.46,109.9975
2026-05-06 17:00:00,125.0525,115.12,29.91,132.6125,120.1475
2026-05-06 18:00:00,137.91,132.7275,60.4125,150.0,135.54
2026-05-06 19:00:00,154.605,154.26,91.6525,168.8,153.0
2026-05-06 20:00:00,156.915,156.2175,150.9225,177.2425,156.4
2026-05-06 21:00:00,154.61,154.6675,154.745,174.19,154.61
2026-05-06 22:00:00,143.4125,143.6725,144.0,149.465,143.4125
2026-05-06 23:00:00,128.26,128.65,129.055,135.8875,128.43
2026-05-07 00:00:00,125.1525,125.1825,125.205,140.75,125.17
2026-05-07 01:00:00,116.485,116.535,116.4975,134.95,116.5025
2026-05-07 02:00:00,115.2575,114.89,113.84,130.36,115.085
2026-05-07 03:00:00,116.49,114.5375,108.765,128.3775,115.5725
2026-05-07 04:00:00,119.1375,116.325,108.12,127.1125,117.0325
2026-05-07 05:00:00,126.875,123.745,114.83,135.7625,124.3975
2026-05-07 06:00:00,151.0,143.7425,123.525,155.06,147.22
2026-05-07 07:00:00,167.29250000000002,158.5775,134.54,174.7775,162.72750000000002
2026-05-07 08:00:00,155.5925,152.855,118.4425,159.3825,154.2525
2026-05-07 09:00:00,136.41,124.67,89.22749999999999,137.99,123.7775
2026-05-07 10:00:00,120.1325,104.7025,52.005,118.275,107.025
2026-05-07 11:00:00,113.525,98.6525,24.275,101.0,97.3325
2026-05-07 12:00:00,103.9225,90.615,20.0,74.5075,96.77
2026-05-07 13:00:00,101.915,85.49,20.0,83.0,95.04
2026-05-07 14:00:00,101.73,91.34,19.235,100.1475,95.905
2026-05-07 15:00:00,107.445,95.1075,20.525,113.715,100.9025
2026-05-07 16:00:00,117.9975,97.655,24.0475,121.565,109.2525
2026-05-07 17:00:00,132.56,112.525,43.557500000000005,134.91,123.4875
2026-05-07 18:00:00,148.70499999999998,135.59,66.155,152.7625,142.38
2026-05-07 19:00:00,185.655,173.115,98.3,179.5425,178.9425
2026-05-07 20:00:00,221.4775,168.0875,128.52,198.05,212.135
2026-05-07 21:00:00,182.715,161.1525,145.1475,175.49,177.735
2026-05-07 22:00:00,154.435,151.975,145.01,155.4775,153.16
2026-05-07 23:00:00,142.7575,138.4,125.755,146.4225,140.5525
2026-05-08 00:00:00,130.3425,124.9275,108.6975,134.405,127.77
2026-05-08 01:00:00,120.66,116.925,105.54,122.495,118.695
2026-05-08 02:00:00,118.215,113.28,101.9925,120.68,115.96
2026-05-08 03:00:00,116.9775,106.185,103.39,121.8075,112.045
2026-05-08 04:00:00,118.565,103.2725,101.3625,123.87,111.3275
2026-05-08 05:00:00,126.185,111.5925,101.93,131.55,118.5325
2026-05-08 06:00:00,143.6,133.1575,103.775,144.9975,138.01749999999998
2026-05-08 07:00:00,147.0275,130.4225,105.1,152.85,138.33
2026-05-08 08:00:00,137.4,123.3625,93.3825,153.34,128.565
2026-05-08 09:00:00,115.2475,113.145,71.015,147.75,111.92
2026-05-08 10:00:00,97.7475,85.47,31.0425,145.0,91.185
2026-05-08 11:00:00,75.81,66.02,10.0225,134.5625,70.7125
2026-05-08 12:00:00,65.37,55.18,2.0425,84.285,59.325
2026-05-08 13:00:00,58.7075,51.015,0.7575,88.775,53.8775
2026-05-08 14:00:00,64.34,55.9425,0.15,98.5,59.77
2026-05-08 15:00:00,81.8925,70.3175,0.0799999999999999,105.4125,75.97
2026-05-08 16:00:00,94.0625,81.8125,0.7575,107.1775,92.4425
2026-05-08 17:00:00,109.5,97.0425,5.215,119.16,107.6775
2026-05-08 18:00:00,127.815,114.815,32.11,135.1575,119.87
2026-05-08 19:00:00,143.54250000000002,133.67000000000002,72.75,153.3225,137.49
2026-05-08 20:00:00,152.9775,143.4725,94.285,160.0,146.815
2026-05-08 21:00:00,138.9,132.795,108.6375,150.8325,134.96
2026-05-08 22:00:00,127.5025,123.745,103.4575,145.10500000000002,125.0
2026-05-08 23:00:00,119.14,110.195,94.9275,139.3325,114.65
2026-05-09 00:00:00,127.6925,112.645,77.43,150.0,120.0025
2026-05-09 01:00:00,123.4075,108.3,64.2425,145.0,116.81
2026-05-09 02:00:00,123.47999999999999,104.82,43.6,140.4775,113.8925
2026-05-09 03:00:00,124.3525,102.03,35.02,131.945,112.9375
2026-05-09 04:00:00,125.7375,104.08250000000001,35.0125,126.8,113.8375
2026-05-09 05:00:00,126.4525,107.8575,35.015,130.1,117.1575
2026-05-09 06:00:00,127.52250000000001,114.39,36.1025,130.1,118.22
2026-05-09 07:00:00,118.67,107.155,40.11,121.8,111.1325
2026-05-09 08:00:00,107.6725,97.275,37.8825,110.2625,101.175
2026-05-09 09:00:00,68.3075,57.0675,34.4275,115.72500000000001,62.9925
2026-05-09 10:00:00,9.9275,9.9325,23.79,98.87,9.9325
2026-05-09 11:00:00,-0.015,-0.0125,2.8975,35.7125,-0.0125
2026-05-09 12:00:00,-0.0625,-0.042499999999999996,0.7575,33.41,-0.05
2026-05-09 13:00:00,-0.09,-0.0925,0.1325,27.2475,-0.09
2026-05-09 14:00:00,-0.0125,-0.0125,0.0,31.5,-0.0125
2026-05-09 15:00:00,0.0025,0.0025,0.0,35.5975,0.0025
2026-05-09 16:00:00,27.715000000000003,20.335,0.0925,97.8075,24.28
2026-05-09 17:00:00,93.69,70.645,0.615,130.1,81.83749999999999
2026-05-09 18:00:00,123.19,109.6825,15.735000000000001,140.85250000000002,114.4
2026-05-09 19:00:00,138.5075,124.94749999999999,41.93,156.29500000000002,128.65
2026-05-09 20:00:00,146.965,136.8675,65.2,155.475,140.9725
2026-05-09 21:00:00,143.485,132.54749999999999,80.6725,142.535,136.055
2026-05-09 22:00:00,136.3,126.8075,74.6325,139.3775,129.96
2026-05-09 23:00:00,127.0875,118.25,65.83500000000001,127.28,120.81
2026-05-10 00:00:00,128.0925,116.125,39.644999999999996,140.0,120.19
2026-05-10 01:00:00,125.44749999999999,112.77250000000001,33.7575,134.29500000000002,117.56
2026-05-10 02:00:00,125.4325,107.13,18.065,130.1,114.995
2026-05-10 03:00:00,123.4825,106.28,14.47,122.8675,112.765
2026-05-10 04:00:00,124.19749999999999,97.1,16.1075,130.1,110.77
2026-05-10 05:00:00,123.94,96.69500000000001,16.335,126.3275,110.3725
2026-05-10 06:00:00,115.14,100.9225,16.2525,114.91250000000001,106.36
2026-05-10 07:00:00,101.1675,89.555,17.605,109.19,93.9875
2026-05-10 08:00:00,70.835,56.8225,12.405000000000001,108.27250000000001,63.6425
2026-05-10 09:00:00,11.180000000000001,11.180000000000001,7.725,106.62,11.180000000000001
2026-05-10 10:00:00,0.0025000000000000005,0.015000000000000001,0.0125,109.42,-0.01
2026-05-10 11:00:00,-0.6699999999999999,0.17500000000000002,-0.015,115.58000000000001,-1.5924999999999998
2026-05-10 12:00:00,-1.88,0.4625,-0.0625,111.28999999999999,-4.0
2026-05-10 13:00:00,-2.165,-0.1325,-0.5575,86.755,-4.0
2026-05-10 14:00:00,-1.4,-0.3075,-0.68,63.15,-2.3899999999999997
2026-05-10 15:00:00,-0.255,-0.2525,-0.815,73.60249999999999,-0.2525
2026-05-10 16:00:00,1.8824999999999998,2.1999999999999997,-0.82,84.0,2.045
2026-05-10 17:00:00,71.005,52.78,-0.41000000000000003,100.0,60.959999999999994
2026-05-10 18:00:00,110.9425,87.8625,0.2125,121.305,99.38749999999999
2026-05-10 19:00:00,122.0,106.00750000000001,13.8025,137.55,110.66
2026-05-10 20:00:00,129.3175,120.295,52.0225,141.0375,123.78999999999999
2026-05-10 21:00:00,128.515,119.8,87.4675,147.3675,123.4
2026-05-10 22:00:00,124.14,114.86,90.9875,140.0025,119.5375
2026-05-10 23:00:00,119.8375,106.36500000000001,66.7625,128.36,113.18
2026-05-11 00:00:00,118.785,101.78,60.1225,129.16,108.745
2026-05-11 01:00:00,112.33500000000001,93.56,56.5025,120.33,102.525
2026-05-11 02:00:00,110.42750000000001,96.0275,55.4825,117.24,101.03
2026-05-11 03:00:00,112.6575,100.705,52.1275,117.24,104.57
2026-05-11 04:00:00,113.0925,98.2375,41.3075,115.08,106.39
2026-05-11 05:00:00,122.1375,112.35,57.682500000000005,121.58,118.565
2026-05-11 06:00:00,136.475,134.57,60.385000000000005,140.0,138.64749999999998
2026-05-11 07:00:00,154.0475,165.75,83.75,150.0,165.875
2026-05-11 08:00:00,150.0125,157.60750000000002,64.82,151.735,156.855
2026-05-11 09:00:00,136.79999999999998,126.46000000000001,33.7525,140.46,130.16
2026-05-11 10:00:00,126.3075,102.9975,16.995,130.1,116.805
2026-05-11 11:00:00,113.4325,88.855,4.145,120.4375,103.5925
2026-05-11 12:00:00,105.485,81.5325,3.395,115.85749999999999,95.6525
2026-05-11 13:00:00,98.78,75.9725,1.275,114.16,89.2
2026-05-11 14:00:00,95.97999999999999,73.4725,1.2575,116.28,81.1975
2026-05-11 15:00:00,96.2,72.735,0.675,116.81,70.0
2026-05-11 16:00:00,100.49000000000001,94.7925,0.135,124.405,61.025
2026-05-11 17:00:00,116.30250000000001,95.67750000000001,1.195,134.05,97.9025
2026-05-11 18:00:00,122.97999999999999,102.2875,24.2625,132.575,112.8175
2026-05-11 19:00:00,130.7175,119.6325,77.5,144.6475,125.2075
2026-05-11 20:00:00,131.12,129.5075,121.7925,154.2225,130.26
2026-05-11 21:00:00,127.8725,126.75,187.5675,141.0225,127.3175
2026-05-11 22:00:00,120.765,120.86250000000001,139.82750000000001,129.375,120.805
2026-05-11 23:00:00,108.9525,110.0,117.8725,126.5625,109.0325
2026-05-12 00:00:00,99.065,99.2875,108.665,134.8,99.17
2026-05-12 01:00:00,95.275,93.4075,105.2575,125.1275,94.5275
2026-05-12 02:00:00,91.73,87.41499999999999,99.555,121.94,89.41
2026-05-12 03:00:00,89.8975,85.6025,98.7225,116.3475,88.2
2026-05-12 04:00:00,91.375,89.53,99.1725,117.7375,90.55
2026-05-12 05:00:00,94.0025,93.60499999999999,103.005,117.85000000000001,93.7825
2026-05-12 06:00:00,111.2625,111.4625,112.6725,128.0,111.365
2026-05-12 07:00:00,122.575,122.6575,122.7375,130.1,122.6175
2026-05-12 08:00:00,112.145,112.145,112.145,121.05,112.145
2026-05-12 09:00:00,94.075,94.075,94.075,121.53999999999999,94.075
2026-05-12 10:00:00,79.5575,75.38000000000001,43.43,120.0,77.42750000000001
2026-05-12 11:00:00,63.535,58.864999999999995,18.8,93.275,61.21
2026-05-12 12:00:00,45.91,42.365,15.5275,49.735,44.0125
2026-05-12 13:00:00,27.330000000000002,26.95,2.9225,45.265,27.330000000000002
2026-05-12 14:00:00,19.9725,31.925,1.0125,56.4975,25.5
2026-05-12 15:00:00,44.760000000000005,45.525,0.26,84.64,44.870000000000005
2026-05-12 16:00:00,74.405,64.165,0.29500000000000004,94.8,71.38
2026-05-12 17:00:00,96.0,86.075,2.605,120.0,96.0
2026-05-12 18:00:00,114.88,109.5075,11.6375,125.00999999999999,114.88
2026-05-12 19:00:00,136.2775,131.6125,49.71,144.6775,135.115
2026-05-12 20:00:00,142.985,137.6125,107.11,163.1825,142.8775
2026-05-12 21:00:00,142.7425,139.925,123.47,146.03,142.7425
2026-05-12 22:00:00,131.225,129.86249999999998,121.6575,138.915,131.225
2026-05-12 23:00:00,118.345,116.8475,107.155,131.3025,118.345
2026-05-13 00:00:00,114.33,104.685,85.6775,130.39249999999998,109.6875
2026-05-13 01:00:00,106.2175,100.96000000000001,82.94,126.75,103.71000000000001
2026-05-13 02:00:00,104.3575,93.8625,80.25,126.78,99.3275
2026-05-13 03:00:00,107.435,91.575,79.425,124.01,100.0
2026-05-13 04:00:00,111.195,96.5975,80.8925,126.6275,104.88
2026-05-13 05:00:00,120.0,104.0025,82.76,132.8825,112.8375
2026-05-13 06:00:00,137.1825,116.2075,82.33500000000001,146.8025,126.6
2026-05-13 07:00:00,141.1225,126.77000000000001,87.1825,156.7875,133.7475
2026-05-13 08:00:00,126.7,117.7925,67.595,169.4925,121.03
2026-05-13 09:00:00,102.525,84.46000000000001,14.64,140.0,92.41499999999999
2026-05-13 10:00:00,86.44,67.625,0.1275,130.1,76.3375
2026-05-13 11:00:00,83.7775,65.3725,-0.0025,125.7475,73.9425
2026-05-13 12:00:00,74.10249999999999,64.685,0.0,80.46000000000001,66.41
2026-05-13 13:00:00,71.77250000000001,59.305,0.0,78.47749999999999,63.7025
2026-05-13 14:00:00,70.2025,54.615,-0.005,77.33,61.832499999999996
2026-05-13 15:00:00,82.2675,63.897499999999994,-0.01,91.83500000000001,72.4125
2026-05-13 16:00:00,92.375,71.8675,-0.0075,117.4875,81.16499999999999
2026-05-13 17:00:00,112.60249999999999,83.215,0.0,130.1,96.96000000000001
2026-05-13 18:00:00,132.355,112.32,1.715,141.29,119.02
2026-05-13 19:00:00,151.4925,135.0125,35.0925,154.5,140.7125
2026-05-13 20:00:00,171.26749999999998,156.5775,84.595,176.43,161.625
2026-05-13 21:00:00,160.04500000000002,143.4575,106.8875,150.07999999999998,150.2575
2026-05-13 22:00:00,142.20499999999998,127.16,99.3675,139.08,134.11
2026-05-13 23:00:00,123.095,116.98750000000001,86.82,130.0,119.1675
2026-05-14 00:00:00,130.54,113.38499999999999,105.22,141.01,118.7525
2026-05-14 01:00:00,121.75,100.175,101.31,134.9975,112.7225
2026-05-14 02:00:00,119.225,96.76,97.305,130.1,108.8875
2026-05-14 03:00:00,115.6375,94.3275,95.36500000000001,130.1025,107.5325
2026-05-14 04:00:00,112.9175,92.94,92.8275,130.1,105.255
2026-05-14 05:00:00,112.045,92.325,92.1,134.47,104.6725
2026-05-14 06:00:00,111.405,97.545,99.925,144.16750000000002,101.9075
2026-05-14 07:00:00,108.09,95.53,98.7425,135.0,103.5375
2026-05-14 08:00:00,99.25750000000001,84.98750000000001,79.3,130.0,93.95
2026-05-14 09:00:00,85.15,74.605,14.127500000000001,130.1,80.985
2026-05-14 10:00:00,58.6425,47.847500000000004,2.075,125.12,54.129999999999995
2026-05-14 11:00:00,35.5675,30.4925,0.1325,129.21,31.955
2026-05-14 12:00:00,16.055,24.6625,0.0,102.0725,18.82
2026-05-14 13:00:00,7.5525,7.66,0.0,106.0175,7.4325
2026-05-14 14:00:00,4.6025,3.955,0.0,115.24,4.245
2026-05-14 15:00:00,17.8475,14.3875,0.0,129.18,15.8475
2026-05-14 16:00:00,66.9125,56.79,-0.0075,140.0,59.08
2026-05-14 17:00:00,94.76,81.2975,-0.0025,135.0,84.5425
2026-05-14 18:00:00,126.0,111.1125,0.8375,133.855,116.55
2026-05-14 19:00:00,142.5825,131.0,29.8575,143.60000000000002,135.1125
2026-05-14 20:00:00,150.4475,158.32999999999998,82.3325,160.28,156.48000000000002
2026-05-14 21:00:00,152.2025,152.2425,98.0525,161.775,152.5225
2026-05-14 22:00:00,150.91,137.4925,98.67,153.1,143.8875
2026-05-14 23:00:00,136.32,124.91,91.97749999999999,136.2575,130.26749999999998
2026-05-15 00:00:00,137.9725,123.415,80.78999999999999,135.0,130.49
2026-05-15 01:00:00,131.3725,116.27250000000001,70.30250000000001,130.445,123.88749999999999
2026-05-15 02:00:00,126.3125,110.7,62.155,130.1,118.63
2026-05-15 03:00:00,121.9375,103.695,49.29,130.1025,112.94500000000001
2026-05-15 04:00:00,123.7125,103.035,41.2,133.0,113.5
2026-05-15 05:00:00,127.16,106.8775,47.5,135.63,116.955
2026-05-15 06:00:00,136.1,118.39750000000001,67.4225,143.17000000000002,126.995
2026-05-15 07:00:00,132.515,117.55,73.3,146.0125,125.0075
2026-05-15 08:00:00,123.99499999999999,108.6575,53.65,145.0,115.6425
2026-05-15 09:00:00,104.54,89.95750000000001,14.89,170.64,97.23
2026-05-15 10:00:00,81.7825,65.60249999999999,0.9025,155.0,73.4025
2026-05-15 11:00:00,66.8175,51.05,0.005,149.195,58.675
2026-05-15 12:00:00,54.302499999999995,43.585,0.0,133.82,48.81
2026-05-15 13:00:00,40.3225,30.4975,0.0,132.9525,35.3425
2026-05-15 14:00:00,40.1475,30.7,0.0,132.22,35.3825
2026-05-15 15:00:00,51.0025,37.7875,-0.01,150.87,44.425
2026-05-15 16:00:00,77.32,56.7,-0.0075,150.0,66.885
2026-05-15 17:00:00,105.0475,83.75750000000001,0.0,154.63,93.63
2026-05-15 18:00:00,125.04249999999999,109.0025,1.2325,150.99,113.6575
2026-05-15 19:00:00,143.31,128.1075,14.6975,155.5725,132.995
2026-05-15 20:00:00,153.455,140.4225,63.45,165.1375,144.695
2026-05-15 21:00:00,151.14499999999998,141.7125,87.82,156.0,144.79500000000002
2026-05-15 22:00:00,144.685,136.9175,92.84,148.725,139.45499999999998
2026-05-15 23:00:00,135.5125,128.0975,84.055,140.64249999999998,130.645
2026-05-16 00:00:00,130.0,121.8775,77.88,151.29749999999999,126.0
2026-05-16 01:00:00,121.7875,112.315,70.805,142.42000000000002,117.47749999999999
2026-05-16 02:00:00,117.5625,108.52250000000001,70.92,130.1,116.5
2026-05-16 03:00:00,116.0025,108.625,69.995,126.2,116.0025
2026-05-16 04:00:00,114.02000000000001,108.88,64.975,124.4075,114.02000000000001
2026-05-16 05:00:00,109.3425,104.88250000000001,65.23,126.2125,109.3425
2026-05-16 06:00:00,105.7075,101.9825,68.5625,129.55,105.7075
2026-05-16 07:00:00,100.045,95.24000000000001,67.4175,151.23,100.045
2026-05-16 08:00:00,86.9525,79.125,32.775,152.9425,84.0475
2026-05-16 09:00:00,43.9525,37.6575,0.25,165.0,41.0
2026-05-16 10:00:00,4.2025,4.0375,-0.005,156.38,4.132499999999999
2026-05-16 11:00:00,-0.03,0.56,-0.31,148.46,0.33999999999999997
2026-05-16 12:00:00,-1.195,-0.047500000000000014,-0.7025,110.60249999999999,-0.5625
2026-05-16 13:00:00,-2.2,-0.84,-0.4175,71.3125,-1.435
2026-05-16 14:00:00,-1.9325,-0.735,-0.545,67.3175,-1.2525
2026-05-16 15:00:00,-0.9975,-0.37,-0.84,17.2925,-0.6575
2026-05-16 16:00:00,4.779999999999999,4.115,-0.9099999999999999,26.8425,4.3725
2026-05-16 17:00:00,60.0925,51.705,-0.2925,44.8825,55.722500000000004
2026-05-16 18:00:00,100.2225,96.2475,0.21,126.7625,97.91499999999999
2026-05-16 19:00:00,126.47,120.56,28.315,138.095,122.52
2026-05-16 20:00:00,139.9975,139.3975,76.095,147.34,139.9275
2026-05-16 21:00:00,140.6875,141.2825,101.1525,143.0,141.355
2026-05-16 22:00:00,135.99,134.755,111.44,145.2,135.2425
2026-05-16 23:00:00,127.7,122.89,100.66,142.42000000000002,124.71000000000001
2026-05-17 00:00:00,127.7175,119.525,94.0,131.07999999999998,123.35249999999999
2026-05-17 01:00:00,119.0625,114.9725,87.2175,121.475,116.22999999999999
2026-05-17 02:00:00,115.565,110.4675,76.1575,120.75,112.02000000000001
2026-05-17 03:00:00,113.8975,108.025,66.035,117.9175,109.91499999999999
2026-05-17 04:00:00,109.17,104.0875,70.0,122.84,105.6225
2026-05-17 05:00:00,105.445,101.1075,70.4825,149.3225,102.49
2026-05-17 06:00:00,98.7925,95.1325,68.33,155.0,96.32
2026-05-17 07:00:00,80.795,78.0825,58.9725,154.71,78.9425
2026-05-17 08:00:00,53.8425,52.345,33.095,135.05,52.847500000000004
2026-05-17 09:00:00,18.97,19.2775,8.0075,81.9125,19.2575
2026-05-17 10:00:00,3.49,3.49,0.8375,15.95,3.49
2026-05-17 11:00:00,0.56,0.56,0.0,12.5,0.565
2026-05-17 12:00:00,0.8225,1.7275,0.0,12.75,1.61
2026-05-17 13:00:00,0.0,0.0,0.0,12.0,0.0
2026-05-17 14:00:00,0.98,1.635,0.0,11.0,1.4675
2026-05-17 15:00:00,11.31,18.932499999999997,-0.005,12.5,16.96
2026-05-17 16:00:00,52.4375,56.35,0.0,12.0125,55.6
2026-05-17 17:00:00,100.315,100.2325,0.0025,100.0,100.8525
2026-05-17 18:00:00,129.3875,128.7775,2.0875,139.29500000000002,129.455
2026-05-17 19:00:00,143.0675,142.5925,33.4425,166.0675,143.0675
2026-05-17 20:00:00,155.8,148.72,89.4125,168.7275,151.005
2026-05-17 21:00:00,156.70499999999998,151.255,114.9675,159.51999999999998,153.04250000000002
2026-05-17 22:00:00,151.3675,147.0075,119.005,154.805,148.39749999999998
2026-05-17 23:00:00,142.575,138.23,107.50999999999999,151.1125,139.6875
